Airfield,Runway,MTOW,Length,Elevation,RCR,Engine Anti-Ice,QNH,OAT C,MTOW (Lbs),MTOW_Code,Obstacle,EAI
KNYG,RWY02,452200,4250,11,23,off,29.92,-18,452200 M2,M2,1,0
KNYG,RWY02,451700,4250,11,23,off,29.92,-16,451700 M2,M2,1,0
KNYG,RWY02,451300,4250,11,23,off,29.92,-14,451300 M2,M2,1,0
KNYG,RWY02,450800,4250,11,23,off,29.92,-12,450800 M2,M2,1,0
KNYG,RWY02,450400,4250,11,23,off,29.92,-10,450400 M2,M2,1,0
KNYG,RWY02,449800,4250,11,23,off,29.92,-7,449800 M2,M2,1,0
KNYG,RWY02,449300,4250,11,23,off,29.92,-5,449300 M2,M2,1,0
KNYG,RWY02,448900,4250,11,23,off,29.92,-3,448900 M2,M2,1,0
KNYG,RWY02,448500,4250,11,23,off,29.92,-1,448500 M2,M2,1,0
KNYG,RWY02,448100,4250,11,23,off,29.92,1,448100 M,M,0,0
KNYG,RWY02,447400,4250,11,23,off,29.92,4,447400 M,M,0,0
KNYG,RWY02,447000,4250,11,23,off,29.92,6,447000 M,M,0,0
KNYG,RWY02,446600,4250,11,23,off,29.92,8,446600 M,M,0,0
KNYG,RWY02,446100,4250,11,23,off,29.92,10,446100 M,M,0,0
KNYG,RWY02,445700,4250,11,23,off,29.92,12,445700 M,M,0,0
KNYG,RWY02,445000,4250,11,23,off,29.92,15,445000 M,M,0,0
KNYG,RWY02,444100,4250,11,23,off,29.92,17,444100 M,M,0,0
KNYG,RWY02,443200,4250,11,23,off,29.92,19,443200 M,M,0,0
KNYG,RWY02,442300,4250,11,23,off,29.92,21,442300 M,M,0,0
KNYG,RWY02,441400,4250,11,23,off,29.92,23,441400 M,M,0,0
KNYG,RWY02,440100,4250,11,23,off,29.92,26,440100 M,M,0,0
KNYG,RWY02,439200,4250,11,23,off,29.92,28,439200 M,M,0,0
KNYG,RWY02,438300,4250,11,23,off,29.92,30,438300 M,M,0,0
KNYG,RWY02,431800,4250,11,23,off,29.92,32,431800 M,M,0,0
KNYG,RWY02,418600,4250,11,23,off,29.92,35,418600 M,M,0,0
KNYG,RWY02,449500,4250,11,23,off,29.61,-18,449500 M2,M2,1,0
KNYG,RWY02,449000,4250,11,23,off,29.61,-16,449000 M2,M2,1,0
KNYG,RWY02,448600,4250,11,23,off,29.61,-14,448600 M2,M2,1,0
KNYG,RWY02,448100,4250,11,23,off,29.61,-12,448100 M2,M2,1,0
KNYG,RWY02,447700,4250,11,23,off,29.61,-10,447700 M2,M2,1,0
KNYG,RWY02,447100,4250,11,23,off,29.61,-7,447100 M2,M2,1,0
KNYG,RWY02,446600,4250,11,23,off,29.61,-5,446600 M2,M2,1,0
KNYG,RWY02,446300,4250,11,23,off,29.61,-3,446300 M2,M2,1,0
KNYG,RWY02,445900,4250,11,23,off,29.61,-1,445900 M,M,0,0
KNYG,RWY02,445400,4250,11,23,off,29.61,1,445400 M,M,0,0
KNYG,RWY02,444800,4250,11,23,off,29.61,4,444800 M,M,0,0
KNYG,RWY02,444300,4250,11,23,off,29.61,6,444300 M,M,0,0
KNYG,RWY02,443900,4250,11,23,off,29.61,8,443900 M,M,0,0
KNYG,RWY02,443500,4250,11,23,off,29.61,10,443500 M,M,0,0
KNYG,RWY02,443000,4250,11,23,off,29.61,12,443000 M,M,0,0
KNYG,RWY02,442200,4250,11,23,off,29.61,15,442200 M,M,0,0
KNYG,RWY02,441300,4250,11,23,off,29.61,17,441300 M,M,0,0
KNYG,RWY02,440400,4250,11,23,off,29.61,19,440400 M,M,0,0
KNYG,RWY02,439500,4250,11,23,off,29.61,21,439500 M,M,0,0
KNYG,RWY02,438600,4250,11,23,off,29.61,23,438600 M,M,0,0
KNYG,RWY02,437300,4250,11,23,off,29.61,26,437300 M,M,0,0
KNYG,RWY02,435700,4250,11,23,off,29.61,28,435700 M,M,0,0
KNYG,RWY02,433600,4250,11,23,off,29.61,30,433600 M,M,0,0
KNYG,RWY02,426900,4250,11,23,off,29.61,32,426900 M,M,0,0
KNYG,RWY02,414000,4250,11,23,off,29.61,35,414000 M,M,0,0
KNYG,RWY02,452600,4250,11,23,off,30.22,-18,452600 M2,M2,1,0
KNYG,RWY02,452200,4250,11,23,off,30.22,-16,452200 M2,M2,1,0
KNYG,RWY02,451700,4250,11,23,off,30.22,-14,451700 M2,M2,1,0
KNYG,RWY02,451200,4250,11,23,off,30.22,-12,451200 M2,M2,1,0
KNYG,RWY02,450800,4250,11,23,off,30.22,-10,450800 M2,M2,1,0
KNYG,RWY02,450100,4250,11,23,off,30.22,-7,450100 M2,M2,1,0
KNYG,RWY02,449700,4250,11,23,off,30.22,-5,449700 M2,M2,1,0
KNYG,RWY02,449300,4250,11,23,off,30.22,-3,449300 M2,M2,1,0
KNYG,RWY02,448800,4250,11,23,off,30.22,-1,448800 M2,M2,1,0
KNYG,RWY02,448500,4250,11,23,off,30.22,1,448500 M2,M2,1,0
KNYG,RWY02,447900,4250,11,23,off,30.22,4,447900 M,M,0,0
KNYG,RWY02,447400,4250,11,23,off,30.22,6,447400 M,M,0,0
KNYG,RWY02,447000,4250,11,23,off,30.22,8,447000 M,M,0,0
KNYG,RWY02,446600,4250,11,23,off,30.22,10,446600 M,M,0,0
KNYG,RWY02,446100,4250,11,23,off,30.22,12,446100 M,M,0,0
KNYG,RWY02,445500,4250,11,23,off,30.22,15,445500 M,M,0,0
KNYG,RWY02,444700,4250,11,23,off,30.22,17,444700 M,M,0,0
KNYG,RWY02,443900,4250,11,23,off,30.22,19,443900 M,M,0,0
KNYG,RWY02,443000,4250,11,23,off,30.22,21,443000 M,M,0,0
KNYG,RWY02,442100,4250,11,23,off,30.22,23,442100 M,M,0,0
KNYG,RWY02,440800,4250,11,23,off,30.22,26,440800 M,M,0,0
KNYG,RWY02,439900,4250,11,23,off,30.22,28,439900 M,M,0,0
KNYG,RWY02,439100,4250,11,23,off,30.22,30,439100 M,M,0,0
KNYG,RWY02,433300,4250,11,23,off,30.22,32,433300 M,M,0,0
KNYG,RWY02,421400,4250,11,23,off,30.22,35,421400 M,M,0,0
KNYG,RWY02,453000,4250,11,23,off,30.52,-18,453000 M2,M2,1,0
KNYG,RWY02,452500,4250,11,23,off,30.52,-16,452500 M2,M2,1,0
KNYG,RWY02,452100,4250,11,23,off,30.52,-14,452100 M2,M2,1,0
KNYG,RWY02,451600,4250,11,23,off,30.52,-12,451600 M2,M2,1,0
KNYG,RWY02,451100,4250,11,23,off,30.52,-10,451100 M2,M2,1,0
KNYG,RWY02,450500,4250,11,23,off,30.52,-7,450500 M2,M2,1,0
KNYG,RWY02,450000,4250,11,23,off,30.52,-5,450000 M2,M2,1,0
KNYG,RWY02,449600,4250,11,23,off,30.52,-3,449600 M2,M2,1,0
KNYG,RWY02,449200,4250,11,23,off,30.52,-1,449200 M2,M2,1,0
KNYG,RWY02,448700,4250,11,23,off,30.52,1,448700 M2,M2,1,0
KNYG,RWY02,448200,4250,11,23,off,30.52,4,448200 M2,M2,1,0
KNYG,RWY02,447800,4250,11,23,off,30.52,6,447800 M,M,0,0
KNYG,RWY02,447400,4250,11,23,off,30.52,8,447400 M,M,0,0
KNYG,RWY02,446900,4250,11,23,off,30.52,10,446900 M,M,0,0
KNYG,RWY02,446500,4250,11,23,off,30.52,12,446500 M,M,0,0
KNYG,RWY02,445800,4250,11,23,off,30.52,15,445800 M,M,0,0
KNYG,RWY02,445100,4250,11,23,off,30.52,17,445100 M,M,0,0
KNYG,RWY02,444400,4250,11,23,off,30.52,19,444400 M,M,0,0
KNYG,RWY02,443500,4250,11,23,off,30.52,21,443500 M,M,0,0
KNYG,RWY02,442700,4250,11,23,off,30.52,23,442700 M,M,0,0
KNYG,RWY02,441400,4250,11,23,off,30.52,26,441400 M,M,0,0
KNYG,RWY02,440500,4250,11,23,off,30.52,28,440500 M,M,0,0
KNYG,RWY02,439700,4250,11,23,off,30.52,30,439700 M,M,0,0
KNYG,RWY02,434600,4250,11,23,off,30.52,32,434600 M,M,0,0
KNYG,RWY02,424100,4250,11,23,off,30.52,35,424100 M,M,0,0
KNYG,RWY02,443400,4250,11,12,off,29.61,-18,443400 M2,M2,1,0
KNYG,RWY02,442900,4250,11,12,off,29.61,-16,442900 M,M,0,0
KNYG,RWY02,442300,4250,11,12,off,29.61,-14,442300 M,M,0,0
KNYG,RWY02,441800,4250,11,12,off,29.61,-12,441800 M,M,0,0
KNYG,RWY02,441300,4250,11,12,off,29.61,-10,441300 M,M,0,0
KNYG,RWY02,440500,4250,11,12,off,29.61,-7,440500 M,M,0,0
KNYG,RWY02,440000,4250,11,12,off,29.61,-5,440000 M,M,0,0
KNYG,RWY02,439400,4250,11,12,off,29.61,-3,439400 M,M,0,0
KNYG,RWY02,438900,4250,11,12,off,29.61,-1,438900 M,M,0,0
KNYG,RWY02,438300,4250,11,12,off,29.61,1,438300 M,M,0,0
KNYG,RWY02,437500,4250,11,12,off,29.61,4,437500 M,M,0,0
KNYG,RWY02,436900,4250,11,12,off,29.61,6,436900 M,M,0,0
KNYG,RWY02,436300,4250,11,12,off,29.61,8,436300 M,M,0,0
KNYG,RWY02,435700,4250,11,12,off,29.61,10,435700 M,M,0,0
KNYG,RWY02,435100,4250,11,12,off,29.61,12,435100 M,M,0,0
KNYG,RWY02,434200,4250,11,12,off,29.61,15,434200 M,M,0,0
KNYG,RWY02,NA,4250,11,12,off,29.61,17,NA,NA,0,0
KNYG,RWY02,NA,4250,11,12,off,29.61,19,NA,NA,0,0
KNYG,RWY02,NA,4250,11,12,off,29.61,21,NA,NA,0,0
KNYG,RWY02,NA,4250,11,12,off,29.61,23,NA,NA,0,0
KNYG,RWY02,NA,4250,11,12,off,29.61,26,NA,NA,0,0
KNYG,RWY02,NA,4250,11,12,off,29.61,28,NA,NA,0,0
KNYG,RWY02,NA,4250,11,12,off,29.61,30,NA,NA,0,0
KNYG,RWY02,NA,4250,11,12,off,29.61,32,NA,NA,0,0
KNYG,RWY02,NA,4250,11,12,off,29.61,35,NA,NA,0,0
KNYG,RWY02,446100,4250,11,12,off,29.92,-18,446100 M2,M2,1,0
KNYG,RWY02,445600,4250,11,12,off,29.92,-16,445600 M2,M2,1,0
KNYG,RWY02,445100,4250,11,12,off,29.92,-14,445100 M,M,0,0
KNYG,RWY02,444500,4250,11,12,off,29.92,-12,444500 M,M,0,0
KNYG,RWY02,444000,4250,11,12,off,29.92,-10,444000 M,M,0,0
KNYG,RWY02,443200,4250,11,12,off,29.92,-7,443200 M,M,0,0
KNYG,RWY02,442700,4250,11,12,off,29.92,-5,442700 M,M,0,0
KNYG,RWY02,442100,4250,11,12,off,29.92,-3,442100 M,M,0,0
KNYG,RWY02,441600,4250,11,12,off,29.92,-1,441600 M,M,0,0
KNYG,RWY02,441000,4250,11,12,off,29.92,1,441000 M,M,0,0
KNYG,RWY02,440200,4250,11,12,off,29.92,4,440200 M,M,0,0
KNYG,RWY02,439600,4250,11,12,off,29.92,6,439600 M,M,0,0
KNYG,RWY02,439000,4250,11,12,off,29.92,8,439000 M,M,0,0
KNYG,RWY02,438400,4250,11,12,off,29.92,10,438400 M,M,0,0
KNYG,RWY02,437900,4250,11,12,off,29.92,12,437900 M,M,0,0
KNYG,RWY02,437000,4250,11,12,off,29.92,15,437000 M,M,0,0
KNYG,RWY02,436000,4250,11,12,off,29.92,17,436000 M,M,0,0
KNYG,RWY02,NA,4250,11,12,off,29.92,19,NA,NA,0,0
KNYG,RWY02,NA,4250,11,12,off,29.92,21,NA,NA,0,0
KNYG,RWY02,NA,4250,11,12,off,29.92,23,NA,NA,0,0
KNYG,RWY02,NA,4250,11,12,off,29.92,26,NA,NA,0,0
KNYG,RWY02,NA,4250,11,12,off,29.92,28,NA,NA,0,0
KNYG,RWY02,NA,4250,11,12,off,29.92,30,NA,NA,0,0
KNYG,RWY02,NA,4250,11,12,off,29.92,32,NA,NA,0,0
KNYG,RWY02,NA,4250,11,12,off,29.92,35,NA,NA,0,0
KNYG,RWY02,446600,4250,11,12,off,30.22,-18,446600 M2,M2,1,0
KNYG,RWY02,446100,4250,11,12,off,30.22,-16,446100 M2,M2,1,0
KNYG,RWY02,445500,4250,11,12,off,30.22,-14,445500 M2,M2,1,0
KNYG,RWY02,445000,4250,11,12,off,30.22,-12,445000 M,M,0,0
KNYG,RWY02,444500,4250,11,12,off,30.22,-10,444500 M,M,0,0
KNYG,RWY02,443700,4250,11,12,off,30.22,-7,443700 M,M,0,0
KNYG,RWY02,443200,4250,11,12,off,30.22,-5,443200 M,M,0,0
KNYG,RWY02,442700,4250,11,12,off,30.22,-3,442700 M,M,0,0
KNYG,RWY02,442100,4250,11,12,off,30.22,-1,442100 M,M,0,0
KNYG,RWY02,441600,4250,11,12,off,30.22,1,441600 M,M,0,0
KNYG,RWY02,440800,4250,11,12,off,30.22,4,440800 M,M,0,0
KNYG,RWY02,440200,4250,11,12,off,30.22,6,440200 M,M,0,0
KNYG,RWY02,439600,4250,11,12,off,30.22,8,439600 M,M,0,0
KNYG,RWY02,439100,4250,11,12,off,30.22,10,439100 M,M,0,0
KNYG,RWY02,438500,4250,11,12,off,30.22,12,438500 M,M,0,0
KNYG,RWY02,437600,4250,11,12,off,30.22,15,437600 M,M,0,0
KNYG,RWY02,436700,4250,11,12,off,30.22,17,436700 M,M,0,0
KNYG,RWY02,435900,4250,11,12,off,30.22,19,435900 M,M,0,0
KNYG,RWY02,NA,4250,11,12,off,30.22,21,NA,NA,0,0
KNYG,RWY02,NA,4250,11,12,off,30.22,23,NA,NA,0,0
KNYG,RWY02,NA,4250,11,12,off,30.22,26,NA,NA,0,0
KNYG,RWY02,NA,4250,11,12,off,30.22,28,NA,NA,0,0
KNYG,RWY02,NA,4250,11,12,off,30.22,30,NA,NA,0,0
KNYG,RWY02,NA,4250,11,12,off,30.22,32,NA,NA,0,0
KNYG,RWY02,NA,4250,11,12,off,30.22,35,NA,NA,0,0
KNYG,RWY02,446900,4250,11,12,off,30.52,-18,446900 M2,M2,1,0
KNYG,RWY02,446400,4250,11,12,off,30.52,-16,446400 M2,M2,1,0
KNYG,RWY02,445900,4250,11,12,off,30.52,-14,445900 M2,M2,1,0
KNYG,RWY02,445400,4250,11,12,off,30.52,-12,445400 M2,M2,1,0
KNYG,RWY02,444900,4250,11,12,off,30.52,-10,444900 M,M,0,0
KNYG,RWY02,444100,4250,11,12,off,30.52,-7,444100 M,M,0,0
KNYG,RWY02,443600,4250,11,12,off,30.52,-5,443600 M,M,0,0
KNYG,RWY02,443100,4250,11,12,off,30.52,-3,443100 M,M,0,0
KNYG,RWY02,442600,4250,11,12,off,30.52,-1,442600 M,M,0,0
KNYG,RWY02,442000,4250,11,12,off,30.52,1,442000 M,M,0,0
KNYG,RWY02,441200,4250,11,12,off,30.52,4,441200 M,M,0,0
KNYG,RWY02,440700,4250,11,12,off,30.52,6,440700 M,M,0,0
KNYG,RWY02,440100,4250,11,12,off,30.52,8,440100 M,M,0,0
KNYG,RWY02,439600,4250,11,12,off,30.52,10,439600 M,M,0,0
KNYG,RWY02,439000,4250,11,12,off,30.52,12,439000 M,M,0,0
KNYG,RWY02,438200,4250,11,12,off,30.52,15,438200 M,M,0,0
KNYG,RWY02,437300,4250,11,12,off,30.52,17,437300 M,M,0,0
KNYG,RWY02,436500,4250,11,12,off,30.52,19,436500 M,M,0,0
KNYG,RWY02,435600,4250,11,12,off,30.52,21,435600 M,M,0,0
KNYG,RWY02,NA,4250,11,12,off,30.52,23,NA,NA,0,0
KNYG,RWY02,NA,4250,11,12,off,30.52,26,NA,NA,0,0
KNYG,RWY02,NA,4250,11,12,off,30.52,28,NA,NA,0,0
KNYG,RWY02,NA,4250,11,12,off,30.52,30,NA,NA,0,0
KNYG,RWY02,NA,4250,11,12,off,30.52,32,NA,NA,0,0
KNYG,RWY02,NA,4250,11,12,off,30.52,35,NA,NA,0,0
KNYG,RWY02,440800,4250,11,23,on,29.61,-18,440800 M2,M2,1,1
KNYG,RWY02,440500,4250,11,23,on,29.61,-17,440500 M2,M2,1,1
KNYG,RWY02,440300,4250,11,23,on,29.61,-16,440300 M2,M2,1,1
KNYG,RWY02,440100,4250,11,23,on,29.61,-15,440100 M2,M2,1,1
KNYG,RWY02,439800,4250,11,23,on,29.61,-14,439800 M2,M2,1,1
KNYG,RWY02,439700,4250,11,23,on,29.61,-13,439700 M2,M2,1,1
KNYG,RWY02,439300,4250,11,23,on,29.61,-11,439300 M2,M2,1,1
KNYG,RWY02,439000,4250,11,23,on,29.61,-10,439000 M2,M2,1,1
KNYG,RWY02,438800,4250,11,23,on,29.61,-9,438800 M2,M2,1,1
KNYG,RWY02,438600,4250,11,23,on,29.61,-8,438600 M2,M2,1,1
KNYG,RWY02,438500,4250,11,23,on,29.61,-7,438500 M2,M2,1,1
KNYG,RWY02,438300,4250,11,23,on,29.61,-6,438300 M2,M2,1,1
KNYG,RWY02,437900,4250,11,23,on,29.61,-4,437900 M2,M2,1,1
KNYG,RWY02,437700,4250,11,23,on,29.61,-3,437700 M2,M2,1,1
KNYG,RWY02,437500,4250,11,23,on,29.61,-2,437500 M2,M2,1,1
KNYG,RWY02,437300,4250,11,23,on,29.61,-1,437300 M2,M2,1,1
KNYG,RWY02,437200,4250,11,23,on,29.61,0,437200 M2,M2,1,1
KNYG,RWY02,437000,4250,11,23,on,29.61,1,437000 M2,M2,1,1
KNYG,RWY02,436600,4250,11,23,on,29.61,3,436600 M,M,0,1
KNYG,RWY02,436400,4250,11,23,on,29.61,4,436400 M,M,0,1
KNYG,RWY02,436200,4250,11,23,on,29.61,5,436200 M,M,0,1
KNYG,RWY02,436000,4250,11,23,on,29.61,6,436000 M,M,0,1
KNYG,RWY02,435800,4250,11,23,on,29.61,7,435800 M,M,0,1
KNYG,RWY02,435600,4250,11,23,on,29.61,8,435600 M,M,0,1
KNYG,RWY02,435100,4250,11,23,on,29.61,10,435100 M,M,0,1
KNYG,RWY02,443400,4250,11,23,on,29.92,-18,443400 M2,M2,1,1
KNYG,RWY02,442300,4250,11,23,on,29.92,-13,442300 M2,M2,1,1
KNYG,RWY02,442100,4250,11,23,on,29.92,-12,442100 M2,M2,1,1
KNYG,RWY02,441900,4250,11,23,on,29.92,-11,441900 M2,M2,1,1
KNYG,RWY02,441700,4250,11,23,on,29.92,-10,441700 M2,M2,1,1
KNYG,RWY02,441500,4250,11,23,on,29.92,-9,441500 M2,M2,1,1
KNYG,RWY02,441200,4250,11,23,on,29.92,-8,441200 M2,M2,1,1
KNYG,RWY02,441000,4250,11,23,on,29.92,-7,441000 M2,M2,1,1
KNYG,RWY02,440900,4250,11,23,on,29.92,-6,440900 M2,M2,1,1
KNYG,RWY02,440700,4250,11,23,on,29.92,-5,440700 M2,M2,1,1
KNYG,RWY02,440500,4250,11,23,on,29.92,-4,440500 M2,M2,1,1
KNYG,RWY02,440300,4250,11,23,on,29.92,-3,440300 M2,M2,1,1
KNYG,RWY02,440100,4250,11,23,on,29.92,-2,440100 M2,M2,1,1
KNYG,RWY02,439800,4250,11,23,on,29.92,-1,439800 M2,M2,1,1
KNYG,RWY02,439700,4250,11,23,on,29.92,0,439700 M2,M2,1,1
KNYG,RWY02,439500,4250,11,23,on,29.92,1,439500 M2,M2,1,1
KNYG,RWY02,439400,4250,11,23,on,29.92,2,439400 M2,M2,1,1
KNYG,RWY02,439200,4250,11,23,on,29.92,3,439200 M2,M2,1,1
KNYG,RWY02,439000,4250,11,23,on,29.92,4,439000 M,M,0,1
KNYG,RWY02,438800,4250,11,23,on,29.92,5,438800 M,M,0,1
KNYG,RWY02,438600,4250,11,23,on,29.92,6,438600 M,M,0,1
KNYG,RWY02,438400,4250,11,23,on,29.92,7,438400 M,M,0,1
KNYG,RWY02,438100,4250,11,23,on,29.92,8,438100 M,M,0,1
KNYG,RWY02,437900,4250,11,23,on,29.92,9,437900 M,M,0,1
KNYG,RWY02,437700,4250,11,23,on,29.92,10,437700 M,M,0,1
KNYG,RWY02,443600,4250,11,23,on,30.22,-18,443600 M2,M2,1,1
KNYG,RWY02,442500,4250,11,23,on,30.22,-13,442500 M2,M2,1,1
KNYG,RWY02,442300,4250,11,23,on,30.22,-12,442300 M2,M2,1,1
KNYG,RWY02,442000,4250,11,23,on,30.22,-11,442000 M2,M2,1,1
KNYG,RWY02,441800,4250,11,23,on,30.22,-10,441800 M2,M2,1,1
KNYG,RWY02,441700,4250,11,23,on,30.22,-9,441700 M2,M2,1,1
KNYG,RWY02,441500,4250,11,23,on,30.22,-8,441500 M2,M2,1,1
KNYG,RWY02,441300,4250,11,23,on,30.22,-7,441300 M2,M2,1,1
KNYG,RWY02,441000,4250,11,23,on,30.22,-6,441000 M2,M2,1,1
KNYG,RWY02,440800,4250,11,23,on,30.22,-5,440800 M2,M2,1,1
KNYG,RWY02,440600,4250,11,23,on,30.22,-4,440600 M2,M2,1,1
KNYG,RWY02,440400,4250,11,23,on,30.22,-3,440400 M2,M2,1,1
KNYG,RWY02,440300,4250,11,23,on,30.22,-2,440300 M2,M2,1,1
KNYG,RWY02,440100,4250,11,23,on,30.22,-1,440100 M2,M2,1,1
KNYG,RWY02,439800,4250,11,23,on,30.22,0,439800 M2,M2,1,1
KNYG,RWY02,439600,4250,11,23,on,30.22,1,439600 M2,M2,1,1
KNYG,RWY02,439500,4250,11,23,on,30.22,2,439500 M2,M2,1,1
KNYG,RWY02,439300,4250,11,23,on,30.22,3,439300 M2,M2,1,1
KNYG,RWY02,439200,4250,11,23,on,30.22,4,439200 M2,M2,1,1
KNYG,RWY02,439000,4250,11,23,on,30.22,5,439000 M2,M2,1,1
KNYG,RWY02,438800,4250,11,23,on,30.22,6,438800 M,M,0,1
KNYG,RWY02,438600,4250,11,23,on,30.22,7,438600 M,M,0,1
KNYG,RWY02,438400,4250,11,23,on,30.22,8,438400 M,M,0,1
KNYG,RWY02,438200,4250,11,23,on,30.22,9,438200 M,M,0,1
KNYG,RWY02,438000,4250,11,23,on,30.22,10,438000 M,M,0,1
KNYG,RWY02,443800,4250,11,23,on,30.52,-18,443800 M2,M2,1,1
KNYG,RWY02,442600,4250,11,23,on,30.52,-13,442600 M2,M2,1,1
KNYG,RWY02,442400,4250,11,23,on,30.52,-12,442400 M2,M2,1,1
KNYG,RWY02,442200,4250,11,23,on,30.52,-11,442200 M2,M2,1,1
KNYG,RWY02,442000,4250,11,23,on,30.52,-10,442000 M2,M2,1,1
KNYG,RWY02,441700,4250,11,23,on,30.52,-9,441700 M2,M2,1,1
KNYG,RWY02,441500,4250,11,23,on,30.52,-8,441500 M2,M2,1,1
KNYG,RWY02,441300,4250,11,23,on,30.52,-7,441300 M2,M2,1,1
KNYG,RWY02,441100,4250,11,23,on,30.52,-6,441100 M2,M2,1,1
KNYG,RWY02,440900,4250,11,23,on,30.52,-5,440900 M2,M2,1,1
KNYG,RWY02,440700,4250,11,23,on,30.52,-4,440700 M2,M2,1,1
KNYG,RWY02,440500,4250,11,23,on,30.52,-3,440500 M2,M2,1,1
KNYG,RWY02,440300,4250,11,23,on,30.52,-2,440300 M2,M2,1,1
KNYG,RWY02,440100,4250,11,23,on,30.52,-1,440100 M2,M2,1,1
KNYG,RWY02,439900,4250,11,23,on,30.52,0,439900 M2,M2,1,1
KNYG,RWY02,439800,4250,11,23,on,30.52,1,439800 M2,M2,1,1
KNYG,RWY02,439500,4250,11,23,on,30.52,2,439500 M2,M2,1,1
KNYG,RWY02,439300,4250,11,23,on,30.52,3,439300 M2,M2,1,1
KNYG,RWY02,439100,4250,11,23,on,30.52,4,439100 M2,M2,1,1
KNYG,RWY02,439000,4250,11,23,on,30.52,5,439000 M2,M2,1,1
KNYG,RWY02,438800,4250,11,23,on,30.52,6,438800 M2,M2,1,1
KNYG,RWY02,438700,4250,11,23,on,30.52,7,438700 M2,M2,1,1
KNYG,RWY02,438500,4250,11,23,on,30.52,8,438500 M2,M2,1,1
KNYG,RWY02,438300,4250,11,23,on,30.52,9,438300 M,M,0,1
KNYG,RWY02,438100,4250,11,23,on,30.52,10,438100 M,M,0,1
KNYG,RWY20,494900,4250,11,23,off,29.92,-18,494900 M,M,0,0
KNYG,RWY20,493300,4250,11,23,off,29.92,-16,493300 M,M,0,0
KNYG,RWY20,491600,4250,11,23,off,29.92,-14,491600 M,M,0,0
KNYG,RWY20,490000,4250,11,23,off,29.92,-12,490000 M,M,0,0
KNYG,RWY20,488300,4250,11,23,off,29.92,-10,488300 M,M,0,0
KNYG,RWY20,486000,4250,11,23,off,29.92,-7,486000 M,M,0,0
KNYG,RWY20,484400,4250,11,23,off,29.92,-5,484400 M,M,0,0
KNYG,RWY20,482800,4250,11,23,off,29.92,-3,482800 M,M,0,0
KNYG,RWY20,481300,4250,11,23,off,29.92,-1,481300 M,M,0,0
KNYG,RWY20,479800,4250,11,23,off,29.92,1,479800 M,M,0,0
KNYG,RWY20,477400,4250,11,23,off,29.92,4,477400 M,M,0,0
KNYG,RWY20,475800,4250,11,23,off,29.92,6,475800 M,M,0,0
KNYG,RWY20,474300,4250,11,23,off,29.92,8,474300 M,M,0,0
KNYG,RWY20,472800,4250,11,23,off,29.92,10,472800 M,M,0,0
KNYG,RWY20,471300,4250,11,23,off,29.92,12,471300 M,M,0,0
KNYG,RWY20,469100,4250,11,23,off,29.92,15,469100 M,M,0,0
KNYG,RWY20,467500,4250,11,23,off,29.92,17,467500 M,M,0,0
KNYG,RWY20,466000,4250,11,23,off,29.92,19,466000 M,M,0,0
KNYG,RWY20,464500,4250,11,23,off,29.92,21,464500 M,M,0,0
KNYG,RWY20,463000,4250,11,23,off,29.92,23,463000 M,M,0,0
KNYG,RWY20,460700,4250,11,23,off,29.92,26,460700 M,M,0,0
KNYG,RWY20,459200,4250,11,23,off,29.92,28,459200 M,M,0,0
KNYG,RWY20,457700,4250,11,23,off,29.92,30,457700 M,M,0,0
KNYG,RWY20,451700,4250,11,23,off,29.92,32,451700 M,M,0,0
KNYG,RWY20,440500,4250,11,23,off,29.92,35,440500 M,M,0,0
KNYG,RWY20,491200,4250,11,23,off,29.61,-18,491200 M,M,0,0
KNYG,RWY20,489600,4250,11,23,off,29.61,-16,489600 M,M,0,0
KNYG,RWY20,487900,4250,11,23,off,29.61,-14,487900 M,M,0,0
KNYG,RWY20,486300,4250,11,23,off,29.61,-12,486300 M,M,0,0
KNYG,RWY20,484700,4250,11,23,off,29.61,-10,484700 M,M,0,0
KNYG,RWY20,482400,4250,11,23,off,29.61,-7,482400 M,M,0,0
KNYG,RWY20,480800,4250,11,23,off,29.61,-5,480800 M,M,0,0
KNYG,RWY20,479300,4250,11,23,off,29.61,-3,479300 M,M,0,0
KNYG,RWY20,477700,4250,11,23,off,29.61,-1,477700 M,M,0,0
KNYG,RWY20,476100,4250,11,23,off,29.61,1,476100 M,M,0,0
KNYG,RWY20,473800,4250,11,23,off,29.61,4,473800 M,M,0,0
KNYG,RWY20,472200,4250,11,23,off,29.61,6,472200 M,M,0,0
KNYG,RWY20,470700,4250,11,23,off,29.61,8,470700 M,M,0,0
KNYG,RWY20,469200,4250,11,23,off,29.61,10,469200 M,M,0,0
KNYG,RWY20,467800,4250,11,23,off,29.61,12,467800 M,M,0,0
KNYG,RWY20,465600,4250,11,23,off,29.61,15,465600 M,M,0,0
KNYG,RWY20,464000,4250,11,23,off,29.61,17,464000 M,M,0,0
KNYG,RWY20,462500,4250,11,23,off,29.61,19,462500 M,M,0,0
KNYG,RWY20,461000,4250,11,23,off,29.61,21,461000 M,M,0,0
KNYG,RWY20,459500,4250,11,23,off,29.61,23,459500 M,M,0,0
KNYG,RWY20,457200,4250,11,23,off,29.61,26,457200 M,M,0,0
KNYG,RWY20,455000,4250,11,23,off,29.61,28,455000 M,M,0,0
KNYG,RWY20,452600,4250,11,23,off,29.61,30,452600 M,M,0,0
KNYG,RWY20,446500,4250,11,23,off,29.61,32,446500 M,M,0,0
KNYG,RWY20,435600,4250,11,23,off,29.61,35,435600 M,M,0,0
KNYG,RWY20,496700,4250,11,23,off,30.22,-18,496700 M,M,0,0
KNYG,RWY20,495000,4250,11,23,off,30.22,-16,495000 M,M,0,0
KNYG,RWY20,493300,4250,11,23,off,30.22,-14,493300 M,M,0,0
KNYG,RWY20,491700,4250,11,23,off,30.22,-12,491700 M,M,0,0
KNYG,RWY20,490100,4250,11,23,off,30.22,-10,490100 M,M,0,0
KNYG,RWY20,487700,4250,11,23,off,30.22,-7,487700 M,M,0,0
KNYG,RWY20,486100,4250,11,23,off,30.22,-5,486100 M,M,0,0
KNYG,RWY20,484500,4250,11,23,off,30.22,-3,484500 M,M,0,0
KNYG,RWY20,483000,4250,11,23,off,30.22,-1,483000 M,M,0,0
KNYG,RWY20,481500,4250,11,23,off,30.22,1,481500 M,M,0,0
KNYG,RWY20,479200,4250,11,23,off,30.22,4,479200 M,M,0,0
KNYG,RWY20,477600,4250,11,23,off,30.22,6,477600 M,M,0,0
KNYG,RWY20,476100,4250,11,23,off,30.22,8,476100 M,M,0,0
KNYG,RWY20,474600,4250,11,23,off,30.22,10,474600 M,M,0,0
KNYG,RWY20,473100,4250,11,23,off,30.22,12,473100 M,M,0,0
KNYG,RWY20,470900,4250,11,23,off,30.22,15,470900 M,M,0,0
KNYG,RWY20,469300,4250,11,23,off,30.22,17,469300 M,M,0,0
KNYG,RWY20,467800,4250,11,23,off,30.22,19,467800 M,M,0,0
KNYG,RWY20,466200,4250,11,23,off,30.22,21,466200 M,M,0,0
KNYG,RWY20,464700,4250,11,23,off,30.22,23,464700 M,M,0,0
KNYG,RWY20,462500,4250,11,23,off,30.22,26,462500 M,M,0,0
KNYG,RWY20,461000,4250,11,23,off,30.22,28,461000 M,M,0,0
KNYG,RWY20,459500,4250,11,23,off,30.22,30,459500 M,M,0,0
KNYG,RWY20,454000,4250,11,23,off,30.22,32,454000 M,M,0,0
KNYG,RWY20,443700,4250,11,23,off,30.22,35,443700 M,M,0,0
KNYG,RWY20,498200,4250,11,23,off,30.52,-18,498200 M,M,0,0
KNYG,RWY20,496600,4250,11,23,off,30.52,-16,496600 M,M,0,0
KNYG,RWY20,495000,4250,11,23,off,30.52,-14,495000 M,M,0,0
KNYG,RWY20,493300,4250,11,23,off,30.52,-12,493300 M,M,0,0
KNYG,RWY20,491700,4250,11,23,off,30.52,-10,491700 M,M,0,0
KNYG,RWY20,489300,4250,11,23,off,30.52,-7,489300 M,M,0,0
KNYG,RWY20,487700,4250,11,23,off,30.52,-5,487700 M,M,0,0
KNYG,RWY20,486200,4250,11,23,off,30.52,-3,486200 M,M,0,0
KNYG,RWY20,484600,4250,11,23,off,30.52,-1,484600 M,M,0,0
KNYG,RWY20,483100,4250,11,23,off,30.52,1,483100 M,M,0,0
KNYG,RWY20,480900,4250,11,23,off,30.52,4,480900 M,M,0,0
KNYG,RWY20,479300,4250,11,23,off,30.52,6,479300 M,M,0,0
KNYG,RWY20,477800,4250,11,23,off,30.52,8,477800 M,M,0,0
KNYG,RWY20,476300,4250,11,23,off,30.52,10,476300 M,M,0,0
KNYG,RWY20,474800,4250,11,23,off,30.52,12,474800 M,M,0,0
KNYG,RWY20,472500,4250,11,23,off,30.52,15,472500 M,M,0,0
KNYG,RWY20,471000,4250,11,23,off,30.52,17,471000 M,M,0,0
KNYG,RWY20,469400,4250,11,23,off,30.52,19,469400 M,M,0,0
KNYG,RWY20,467900,4250,11,23,off,30.52,21,467900 M,M,0,0
KNYG,RWY20,466400,4250,11,23,off,30.52,23,466400 M,M,0,0
KNYG,RWY20,464100,4250,11,23,off,30.52,26,464100 M,M,0,0
KNYG,RWY20,462700,4250,11,23,off,30.52,28,462700 M,M,0,0
KNYG,RWY20,461200,4250,11,23,off,30.52,30,461200 M,M,0,0
KNYG,RWY20,456300,4250,11,23,off,30.52,32,456300 M,M,0,0
KNYG,RWY20,446900,4250,11,23,off,30.52,35,446900 M,M,0,0
KNYG,RWY20,474400,4250,11,12,off,29.61,-18,474400 M,M,0,0
KNYG,RWY20,472700,4250,11,12,off,29.61,-16,472700 M,M,0,0
KNYG,RWY20,471100,4250,11,12,off,29.61,-14,471100 M,M,0,0
KNYG,RWY20,469400,4250,11,12,off,29.61,-12,469400 M,M,0,0
KNYG,RWY20,467900,4250,11,12,off,29.61,-10,467900 M,M,0,0
KNYG,RWY20,465500,4250,11,12,off,29.61,-7,465500 M,M,0,0
KNYG,RWY20,464000,4250,11,12,off,29.61,-5,464000 M,M,0,0
KNYG,RWY20,462400,4250,11,12,off,29.61,-3,462400 M,M,0,0
KNYG,RWY20,460900,4250,11,12,off,29.61,-1,460900 M,M,0,0
KNYG,RWY20,459400,4250,11,12,off,29.61,1,459400 M,M,0,0
KNYG,RWY20,457100,4250,11,12,off,29.61,4,457100 M,M,0,0
KNYG,RWY20,455600,4250,11,12,off,29.61,6,455600 M,M,0,0
KNYG,RWY20,454100,4250,11,12,off,29.61,8,454100 M,M,0,0
KNYG,RWY20,452700,4250,11,12,off,29.61,10,452700 M,M,0,0
KNYG,RWY20,451200,4250,11,12,off,29.61,12,451200 M,M,0,0
KNYG,RWY20,449100,4250,11,12,off,29.61,15,449100 M,M,0,0
KNYG,RWY20,NA,4250,11,12,off,29.61,17,NA,NA,0,0
KNYG,RWY20,NA,4250,11,12,off,29.61,19,NA,NA,0,0
KNYG,RWY20,NA,4250,11,12,off,29.61,21,NA,NA,0,0
KNYG,RWY20,NA,4250,11,12,off,29.61,23,NA,NA,0,0
KNYG,RWY20,NA,4250,11,12,off,29.61,26,NA,NA,0,0
KNYG,RWY20,NA,4250,11,12,off,29.61,28,NA,NA,0,0
KNYG,RWY20,NA,4250,11,12,off,29.61,30,NA,NA,0,0
KNYG,RWY20,NA,4250,11,12,off,29.61,32,NA,NA,0,0
KNYG,RWY20,420300,4250,11,12,off,29.61,35,420300 M,M,0,0
KNYG,RWY20,478000,4250,11,12,off,29.92,-18,478000 M,M,0,0
KNYG,RWY20,476300,4250,11,12,off,29.92,-16,476300 M,M,0,0
KNYG,RWY20,474700,4250,11,12,off,29.92,-14,474700 M,M,0,0
KNYG,RWY20,473000,4250,11,12,off,29.92,-12,473000 M,M,0,0
KNYG,RWY20,471400,4250,11,12,off,29.92,-10,471400 M,M,0,0
KNYG,RWY20,469000,4250,11,12,off,29.92,-7,469000 M,M,0,0
KNYG,RWY20,467500,4250,11,12,off,29.92,-5,467500 M,M,0,0
KNYG,RWY20,465900,4250,11,12,off,29.92,-3,465900 M,M,0,0
KNYG,RWY20,464400,4250,11,12,off,29.92,-1,464400 M,M,0,0
KNYG,RWY20,462900,4250,11,12,off,29.92,1,462900 M,M,0,0
KNYG,RWY20,460700,4250,11,12,off,29.92,4,460700 M,M,0,0
KNYG,RWY20,459200,4250,11,12,off,29.92,6,459200 M,M,0,0
KNYG,RWY20,457700,4250,11,12,off,29.92,8,457700 M,M,0,0
KNYG,RWY20,456200,4250,11,12,off,29.92,10,456200 M,M,0,0
KNYG,RWY20,454700,4250,11,12,off,29.92,12,454700 M,M,0,0
KNYG,RWY20,452500,4250,11,12,off,29.92,15,452500 M,M,0,0
KNYG,RWY20,451000,4250,11,12,off,29.92,17,451000 M,M,0,0
KNYG,RWY20,NA,4250,11,12,off,29.92,19,NA,NA,0,0
KNYG,RWY20,NA,4250,11,12,off,29.92,21,NA,NA,0,0
KNYG,RWY20,NA,4250,11,12,off,29.92,23,NA,NA,0,0
KNYG,RWY20,NA,4250,11,12,off,29.92,26,NA,NA,0,0
KNYG,RWY20,NA,4250,11,12,off,29.92,28,NA,NA,0,0
KNYG,RWY20,NA,4250,11,12,off,29.92,30,NA,NA,0,0
KNYG,RWY20,NA,4250,11,12,off,29.92,32,NA,NA,0,0
KNYG,RWY20,NA,4250,11,12,off,29.92,35,NA,NA,0,0
KNYG,RWY20,479800,4250,11,12,off,30.22,-18,479800 M,M,0,0
KNYG,RWY20,478100,4250,11,12,off,30.22,-16,478100 M,M,0,0
KNYG,RWY20,476400,4250,11,12,off,30.22,-14,476400 M,M,0,0
KNYG,RWY20,474800,4250,11,12,off,30.22,-12,474800 M,M,0,0
KNYG,RWY20,473100,4250,11,12,off,30.22,-10,473100 M,M,0,0
KNYG,RWY20,470700,4250,11,12,off,30.22,-7,470700 M,M,0,0
KNYG,RWY20,469200,4250,11,12,off,30.22,-5,469200 M,M,0,0
KNYG,RWY20,467600,4250,11,12,off,30.22,-3,467600 M,M,0,0
KNYG,RWY20,466100,4250,11,12,off,30.22,-1,466100 M,M,0,0
KNYG,RWY20,464600,4250,11,12,off,30.22,1,464600 M,M,0,0
KNYG,RWY20,462300,4250,11,12,off,30.22,4,462300 M,M,0,0
KNYG,RWY20,460900,4250,11,12,off,30.22,6,460900 M,M,0,0
KNYG,RWY20,459400,4250,11,12,off,30.22,8,459400 M,M,0,0
KNYG,RWY20,457900,4250,11,12,off,30.22,10,457900 M,M,0,0
KNYG,RWY20,456400,4250,11,12,off,30.22,12,456400 M,M,0,0
KNYG,RWY20,454200,4250,11,12,off,30.22,15,454200 M,M,0,0
KNYG,RWY20,452700,4250,11,12,off,30.22,17,452700 M,M,0,0
KNYG,RWY20,451200,4250,11,12,off,30.22,19,451200 M,M,0,0
KNYG,RWY20,NA,4250,11,12,off,30.22,21,NA,NA,0,0
KNYG,RWY20,NA,4250,11,12,off,30.22,23,NA,NA,0,0
KNYG,RWY20,NA,4250,11,12,off,30.22,26,NA,NA,0,0
KNYG,RWY20,NA,4250,11,12,off,30.22,28,NA,NA,0,0
KNYG,RWY20,NA,4250,11,12,off,30.22,30,NA,NA,0,0
KNYG,RWY20,NA,4250,11,12,off,30.22,32,NA,NA,0,0
KNYG,RWY20,NA,4250,11,12,off,30.22,35,NA,NA,0,0
KNYG,RWY20,483400,4250,11,23,on,29.61,-18,483400 M,M,0,1
KNYG,RWY20,482600,4250,11,23,on,29.61,-17,482600 M,M,0,1
KNYG,RWY20,481800,4250,11,23,on,29.61,-16,481800 M,M,0,1
KNYG,RWY20,481000,4250,11,23,on,29.61,-15,481000 M,M,0,1
KNYG,RWY20,480200,4250,11,23,on,29.61,-14,480200 M,M,0,1
KNYG,RWY20,479400,4250,11,23,on,29.61,-13,479400 M,M,0,1
KNYG,RWY20,477700,4250,11,23,on,29.61,-11,477700 M,M,0,1
KNYG,RWY20,476900,4250,11,23,on,29.61,-10,476900 M,M,0,1
KNYG,RWY20,476100,4250,11,23,on,29.61,-9,476100 M,M,0,1
KNYG,RWY20,475300,4250,11,23,on,29.61,-8,475300 M,M,0,1
KNYG,RWY20,474600,4250,11,23,on,29.61,-7,474600 M,M,0,1
KNYG,RWY20,473800,4250,11,23,on,29.61,-6,473800 M,M,0,1
KNYG,RWY20,472200,4250,11,23,on,29.61,-4,472200 M,M,0,1
KNYG,RWY20,471500,4250,11,23,on,29.61,-3,471500 M,M,0,1
KNYG,RWY20,470700,4250,11,23,on,29.61,-2,470700 M,M,0,1
KNYG,RWY20,469900,4250,11,23,on,29.61,-1,469900 M,M,0,1
KNYG,RWY20,469200,4250,11,23,on,29.61,0,469200 M,M,0,1
KNYG,RWY20,468400,4250,11,23,on,29.61,1,468400 M,M,0,1
KNYG,RWY20,466900,4250,11,23,on,29.61,3,466900 M,M,0,1
KNYG,RWY20,466200,4250,11,23,on,29.61,4,466200 M,M,0,1
KNYG,RWY20,465400,4250,11,23,on,29.61,5,465400 M,M,0,1
KNYG,RWY20,464700,4250,11,23,on,29.61,6,464700 M,M,0,1
KNYG,RWY20,463900,4250,11,23,on,29.61,7,463900 M,M,0,1
KNYG,RWY20,463200,4250,11,23,on,29.61,8,463200 M,M,0,1
KNYG,RWY20,461800,4250,11,23,on,29.61,10,461800 M,M,0,1
KNYG,RWY20,487000,4250,11,23,on,29.92,-18,487000 M,M,0,1
KNYG,RWY20,482900,4250,11,23,on,29.92,-13,482900 M,M,0,1
KNYG,RWY20,482200,4250,11,23,on,29.92,-12,482200 M,M,0,1
KNYG,RWY20,481400,4250,11,23,on,29.92,-11,481400 M,M,0,1
KNYG,RWY20,480600,4250,11,23,on,29.92,-10,480600 M,M,0,1
KNYG,RWY20,479800,4250,11,23,on,29.92,-9,479800 M,M,0,1
KNYG,RWY20,479000,4250,11,23,on,29.92,-8,479000 M,M,0,1
KNYG,RWY20,478200,4250,11,23,on,29.92,-7,478200 M,M,0,1
KNYG,RWY20,477400,4250,11,23,on,29.92,-6,477400 M,M,0,1
KNYG,RWY20,476600,4250,11,23,on,29.92,-5,476600 M,M,0,1
KNYG,RWY20,475800,4250,11,23,on,29.92,-4,475800 M,M,0,1
KNYG,RWY20,475100,4250,11,23,on,29.92,-3,475100 M,M,0,1
KNYG,RWY20,474300,4250,11,23,on,29.92,-2,474300 M,M,0,1
KNYG,RWY20,473500,4250,11,23,on,29.92,-1,473500 M,M,0,1
KNYG,RWY20,472800,4250,11,23,on,29.92,0,472800 M,M,0,1
KNYG,RWY20,472000,4250,11,23,on,29.92,1,472000 M,M,0,1
KNYG,RWY20,471200,4250,11,23,on,29.92,2,471200 M,M,0,1
KNYG,RWY20,470500,4250,11,23,on,29.92,3,470500 M,M,0,1
KNYG,RWY20,469700,4250,11,23,on,29.92,4,469700 M,M,0,1
KNYG,RWY20,468900,4250,11,23,on,29.92,5,468900 M,M,0,1
KNYG,RWY20,468200,4250,11,23,on,29.92,6,468200 M,M,0,1
KNYG,RWY20,467500,4250,11,23,on,29.92,7,467500 M,M,0,1
KNYG,RWY20,466700,4250,11,23,on,29.92,8,466700 M,M,0,1
KNYG,RWY20,466000,4250,11,23,on,29.92,9,466000 M,M,0,1
KNYG,RWY20,465300,4250,11,23,on,29.92,10,465300 M,M,0,1
KNYG,RWY20,488500,4250,11,23,on,30.22,-18,488500 M,M,0,1
KNYG,RWY20,484400,4250,11,23,on,30.22,-13,484400 M,M,0,1
KNYG,RWY20,483700,4250,11,23,on,30.22,-12,483700 M,M,0,1
KNYG,RWY20,482900,4250,11,23,on,30.22,-11,482900 M,M,0,1
KNYG,RWY20,482100,4250,11,23,on,30.22,-10,482100 M,M,0,1
KNYG,RWY20,481300,4250,11,23,on,30.22,-9,481300 M,M,0,1
KNYG,RWY20,480500,4250,11,23,on,30.22,-8,480500 M,M,0,1
KNYG,RWY20,479800,4250,11,23,on,30.22,-7,479800 M,M,0,1
KNYG,RWY20,479000,4250,11,23,on,30.22,-6,479000 M,M,0,1
KNYG,RWY20,478200,4250,11,23,on,30.22,-5,478200 M,M,0,1
KNYG,RWY20,477400,4250,11,23,on,30.22,-4,477400 M,M,0,1
KNYG,RWY20,476600,4250,11,23,on,30.22,-3,476600 M,M,0,1
KNYG,RWY20,475800,4250,11,23,on,30.22,-2,475800 M,M,0,1
KNYG,RWY20,475100,4250,11,23,on,30.22,-1,475100 M,M,0,1
KNYG,RWY20,474300,4250,11,23,on,30.22,0,474300 M,M,0,1
KNYG,RWY20,473500,4250,11,23,on,30.22,1,473500 M,M,0,1
KNYG,RWY20,472800,4250,11,23,on,30.22,2,472800 M,M,0,1
KNYG,RWY20,472000,4250,11,23,on,30.22,3,472000 M,M,0,1
KNYG,RWY20,471300,4250,11,23,on,30.22,4,471300 M,M,0,1
KNYG,RWY20,470500,4250,11,23,on,30.22,5,470500 M,M,0,1
KNYG,RWY20,469700,4250,11,23,on,30.22,6,469700 M,M,0,1
KNYG,RWY20,469000,4250,11,23,on,30.22,7,469000 M,M,0,1
KNYG,RWY20,468300,4250,11,23,on,30.22,8,468300 M,M,0,1
KNYG,RWY20,467500,4250,11,23,on,30.22,9,467500 M,M,0,1
KNYG,RWY20,466800,4250,11,23,on,30.22,10,466800 M,M,0,1
KNYG,RWY20,489900,4250,11,23,on,30.52,-18,489900 M,M,0,1
KNYG,RWY20,485900,4250,11,23,on,30.52,-13,485900 M,M,0,1
KNYG,RWY20,485100,4250,11,23,on,30.52,-12,485100 M,M,0,1
KNYG,RWY20,484300,4250,11,23,on,30.52,-11,484300 M,M,0,1
KNYG,RWY20,483500,4250,11,23,on,30.52,-10,483500 M,M,0,1
KNYG,RWY20,482700,4250,11,23,on,30.52,-9,482700 M,M,0,1
KNYG,RWY20,481900,4250,11,23,on,30.52,-8,481900 M,M,0,1
KNYG,RWY20,481200,4250,11,23,on,30.52,-7,481200 M,M,0,1
KNYG,RWY20,480400,4250,11,23,on,30.52,-6,480400 M,M,0,1
KNYG,RWY20,479600,4250,11,23,on,30.52,-5,479600 M,M,0,1
KNYG,RWY20,478800,4250,11,23,on,30.52,-4,478800 M,M,0,1
KNYG,RWY20,478100,4250,11,23,on,30.52,-3,478100 M,M,0,1
KNYG,RWY20,477300,4250,11,23,on,30.52,-2,477300 M,M,0,1
KNYG,RWY20,476500,4250,11,23,on,30.52,-1,476500 M,M,0,1
KNYG,RWY20,475700,4250,11,23,on,30.52,0,475700 M,M,0,1
KNYG,RWY20,475000,4250,11,23,on,30.52,1,475000 M,M,0,1
KNYG,RWY20,474200,4250,11,23,on,30.52,2,474200 M,M,0,1
KNYG,RWY20,473500,4250,11,23,on,30.52,3,473500 M,M,0,1
KNYG,RWY20,472700,4250,11,23,on,30.52,4,472700 M,M,0,1
KNYG,RWY20,472000,4250,11,23,on,30.52,5,472000 M,M,0,1
KNYG,RWY20,471200,4250,11,23,on,30.52,6,471200 M,M,0,1
KNYG,RWY20,470500,4250,11,23,on,30.52,7,470500 M,M,0,1
KNYG,RWY20,469700,4250,11,23,on,30.52,8,469700 M,M,0,1
KNYG,RWY20,469000,4250,11,23,on,30.52,9,469000 M,M,0,1
KNYG,RWY20,468200,4250,11,23,on,30.52,10,468200 M,M,0,1
KNYG,RWY20,466900,4250,11,12,on,29.61,-18,466900 M,M,0,1
KNYG,RWY20,462900,4250,11,12,on,29.61,-13,462900 M,M,0,1
KNYG,RWY20,462100,4250,11,12,on,29.61,-12,462100 M,M,0,1
KNYG,RWY20,461300,4250,11,12,on,29.61,-11,461300 M,M,0,1
KNYG,RWY20,460500,4250,11,12,on,29.61,-10,460500 M,M,0,1
KNYG,RWY20,459800,4250,11,12,on,29.61,-9,459800 M,M,0,1
KNYG,RWY20,459000,4250,11,12,on,29.61,-8,459000 M,M,0,1
KNYG,RWY20,458200,4250,11,12,on,29.61,-7,458200 M,M,0,1
KNYG,RWY20,457400,4250,11,12,on,29.61,-6,457400 M,M,0,1
KNYG,RWY20,456600,4250,11,12,on,29.61,-5,456600 M,M,0,1
KNYG,RWY20,455800,4250,11,12,on,29.61,-4,455800 M,M,0,1
KNYG,RWY20,455100,4250,11,12,on,29.61,-3,455100 M,M,0,1
KNYG,RWY20,454300,4250,11,12,on,29.61,-2,454300 M,M,0,1
KNYG,RWY20,453600,4250,11,12,on,29.61,-1,453600 M,M,0,1
KNYG,RWY20,452800,4250,11,12,on,29.61,0,452800 M,M,0,1
KNYG,RWY20,452100,4250,11,12,on,29.61,1,452100 M,M,0,1
KNYG,RWY20,451300,4250,11,12,on,29.61,2,451300 M,M,0,1
KNYG,RWY20,450600,4250,11,12,on,29.61,3,450600 M,M,0,1
KNYG,RWY20,449800,4250,11,12,on,29.61,4,449800 M,M,0,1
KNYG,RWY20,449100,4250,11,12,on,29.61,5,449100 M,M,0,1
KNYG,RWY20,448400,4250,11,12,on,29.61,6,448400 M,M,0,1
KNYG,RWY20,447700,4250,11,12,on,29.61,7,447700 M,M,0,1
KNYG,RWY20,446900,4250,11,12,on,29.61,8,446900 M,M,0,1
KNYG,RWY20,446200,4250,11,12,on,29.61,9,446200 M,M,0,1
KNYG,RWY20,445500,4250,11,12,on,29.61,10,445500 M,M,0,1
KNYG,RWY20,470400,4250,11,12,on,29.92,-18,470400 M,M,0,1
KNYG,RWY20,466400,4250,11,12,on,29.92,-13,466400 M,M,0,1
KNYG,RWY20,465600,4250,11,12,on,29.92,-12,465600 M,M,0,1
KNYG,RWY20,464800,4250,11,12,on,29.92,-11,464800 M,M,0,1
KNYG,RWY20,464000,4250,11,12,on,29.92,-10,464000 M,M,0,1
KNYG,RWY20,463200,4250,11,12,on,29.92,-9,463200 M,M,0,1
KNYG,RWY20,462500,4250,11,12,on,29.92,-8,462500 M,M,0,1
KNYG,RWY20,461700,4250,11,12,on,29.92,-7,461700 M,M,0,1
KNYG,RWY20,460900,4250,11,12,on,29.92,-6,460900 M,M,0,1
KNYG,RWY20,460200,4250,11,12,on,29.92,-5,460200 M,M,0,1
KNYG,RWY20,459400,4250,11,12,on,29.92,-4,459400 M,M,0,1
KNYG,RWY20,458600,4250,11,12,on,29.92,-3,458600 M,M,0,1
KNYG,RWY20,457800,4250,11,12,on,29.92,-2,457800 M,M,0,1
KNYG,RWY20,457100,4250,11,12,on,29.92,-1,457100 M,M,0,1
KNYG,RWY20,456300,4250,11,12,on,29.92,0,456300 M,M,0,1
KNYG,RWY20,455500,4250,11,12,on,29.92,1,455500 M,M,0,1
KNYG,RWY20,454800,4250,11,12,on,29.92,2,454800 M,M,0,1
KNYG,RWY20,454000,4250,11,12,on,29.92,3,454000 M,M,0,1
KNYG,RWY20,453300,4250,11,12,on,29.92,4,453300 M,M,0,1
KNYG,RWY20,452600,4250,11,12,on,29.92,5,452600 M,M,0,1
KNYG,RWY20,451800,4250,11,12,on,29.92,6,451800 M,M,0,1
KNYG,RWY20,451100,4250,11,12,on,29.92,7,451100 M,M,0,1
KNYG,RWY20,450400,4250,11,12,on,29.92,8,450400 M,M,0,1
KNYG,RWY20,449600,4250,11,12,on,29.92,9,449600 M,M,0,1
KNYG,RWY20,448900,4250,11,12,on,29.92,10,448900 M,M,0,1
KNYG,RWY20,471900,4250,11,12,on,30.22,-18,471900 M,M,0,1
KNYG,RWY20,467900,4250,11,12,on,30.22,-13,467900 M,M,0,1
KNYG,RWY20,467100,4250,11,12,on,30.22,-12,467100 M,M,0,1
KNYG,RWY20,466300,4250,11,12,on,30.22,-11,466300 M,M,0,1
KNYG,RWY20,465500,4250,11,12,on,30.22,-10,465500 M,M,0,1
KNYG,RWY20,464700,4250,11,12,on,30.22,-9,464700 M,M,0,1
KNYG,RWY20,464000,4250,11,12,on,30.22,-8,464000 M,M,0,1
KNYG,RWY20,463200,4250,11,12,on,30.22,-7,463200 M,M,0,1
KNYG,RWY20,462400,4250,11,12,on,30.22,-6,462400 M,M,0,1
KNYG,RWY20,461700,4250,11,12,on,30.22,-5,461700 M,M,0,1
KNYG,RWY20,460900,4250,11,12,on,30.22,-4,460900 M,M,0,1
KNYG,RWY20,460200,4250,11,12,on,30.22,-3,460200 M,M,0,1
KNYG,RWY20,459400,4250,11,12,on,30.22,-2,459400 M,M,0,1
KNYG,RWY20,458600,4250,11,12,on,30.22,-1,458600 M,M,0,1
KNYG,RWY20,457800,4250,11,12,on,30.22,0,457800 M,M,0,1
KNYG,RWY20,457100,4250,11,12,on,30.22,1,457100 M,M,0,1
KNYG,RWY20,456300,4250,11,12,on,30.22,2,456300 M,M,0,1
KNYG,RWY20,455600,4250,11,12,on,30.22,3,455600 M,M,0,1
KNYG,RWY20,454800,4250,11,12,on,30.22,4,454800 M,M,0,1
KNYG,RWY20,454100,4250,11,12,on,30.22,5,454100 M,M,0,1
KNYG,RWY20,453300,4250,11,12,on,30.22,6,453300 M,M,0,1
KNYG,RWY20,452600,4250,11,12,on,30.22,7,452600 M,M,0,1
KNYG,RWY20,451900,4250,11,12,on,30.22,8,451900 M,M,0,1
KNYG,RWY20,451200,4250,11,12,on,30.22,9,451200 M,M,0,1
KNYG,RWY20,450400,4250,11,12,on,30.22,10,450400 M,M,0,1
KNYG,RWY20,473300,4250,11,12,on,30.52,-18,473300 M,M,0,1
KNYG,RWY20,469300,4250,11,12,on,30.52,-13,469300 M,M,0,1
KNYG,RWY20,468500,4250,11,12,on,30.52,-12,468500 M,M,0,1
KNYG,RWY20,467700,4250,11,12,on,30.52,-11,467700 M,M,0,1
KNYG,RWY20,466900,4250,11,12,on,30.52,-10,466900 M,M,0,1
KNYG,RWY20,466100,4250,11,12,on,30.52,-9,466100 M,M,0,1
KNYG,RWY20,465400,4250,11,12,on,30.52,-8,465400 M,M,0,1
KNYG,RWY20,464600,4250,11,12,on,30.52,-7,464600 M,M,0,1
KNYG,RWY20,463800,4250,11,12,on,30.52,-6,463800 M,M,0,1
KNYG,RWY20,463100,4250,11,12,on,30.52,-5,463100 M,M,0,1
KNYG,RWY20,462300,4250,11,12,on,30.52,-4,462300 M,M,0,1
KNYG,RWY20,461600,4250,11,12,on,30.52,-3,461600 M,M,0,1
KNYG,RWY20,460800,4250,11,12,on,30.52,-2,460800 M,M,0,1
KNYG,RWY20,460100,4250,11,12,on,30.52,-1,460100 M,M,0,1
KNYG,RWY20,459300,4250,11,12,on,30.52,0,459300 M,M,0,1
KNYG,RWY20,458500,4250,11,12,on,30.52,1,458500 M,M,0,1
KNYG,RWY20,457800,4250,11,12,on,30.52,2,457800 M,M,0,1
KNYG,RWY20,457000,4250,11,12,on,30.52,3,457000 M,M,0,1
KNYG,RWY20,456300,4250,11,12,on,30.52,4,456300 M,M,0,1
KNYG,RWY20,455500,4250,11,12,on,30.52,5,455500 M,M,0,1
KNYG,RWY20,454800,4250,11,12,on,30.52,6,454800 M,M,0,1
KNYG,RWY20,454100,4250,11,12,on,30.52,7,454100 M,M,0,1
KNYG,RWY20,453300,4250,11,12,on,30.52,8,453300 M,M,0,1
KNYG,RWY20,452600,4250,11,12,on,30.52,9,452600 M,M,0,1
KNYG,RWY20,451900,4250,11,12,on,30.52,10,451900 M,M,0,1
KPOB,RWY05,585000,7501,218,23,off,29.61,-18,585000 F,F,0,0
KPOB,RWY05,585000,7501,218,23,off,29.61,-16,585000 F,F,0,0
KPOB,RWY05,585000,7501,218,23,off,29.61,-14,585000 F,F,0,0
KPOB,RWY05,585000,7501,218,23,off,29.61,-11,585000 F,F,0,0
KPOB,RWY05,585000,7501,218,23,off,29.61,-9,585000 F,F,0,0
KPOB,RWY05,585000,7501,218,23,off,29.61,-6,585000 F,F,0,0
KPOB,RWY05,585000,7501,218,23,off,29.61,-4,585000 F,F,0,0
KPOB,RWY05,585000,7501,218,23,off,29.61,-1,585000 F,F,0,0
KPOB,RWY05,585000,7501,218,23,off,29.61,1,585000 F,F,0,0
KPOB,RWY05,585000,7501,218,23,off,29.61,4,585000 F,F,0,0
KPOB,RWY05,585000,7501,218,23,off,29.61,6,585000 F,F,0,0
KPOB,RWY05,583900,7501,218,23,off,29.61,9,583900 M,M,0,0
KPOB,RWY05,583100,7501,218,23,off,29.61,11,583100 M,M,0,0
KPOB,RWY05,582000,7501,218,23,off,29.61,13,582000 M,M,0,0
KPOB,RWY05,580200,7501,218,23,off,29.61,16,580200 M,M,0,0
KPOB,RWY05,578600,7501,218,23,off,29.61,18,578600 M,M,0,0
KPOB,RWY05,576400,7501,218,23,off,29.61,21,576400 M,M,0,0
KPOB,RWY05,574900,7501,218,23,off,29.61,23,574900 M,M,0,0
KPOB,RWY05,572700,7501,218,23,off,29.61,26,572700 M,M,0,0
KPOB,RWY05,568900,7501,218,23,off,29.61,28,568900 M,M,0,0
KPOB,RWY05,562600,7501,218,23,off,29.61,31,562600 M,M,0,0
KPOB,RWY05,551800,7501,218,23,off,29.61,33,551800 M,M,0,0
KPOB,RWY05,535800,7501,218,23,off,29.61,36,535800 M,M,0,0
KPOB,RWY05,524900,7501,218,23,off,29.61,38,524900 M,M,0,0
KPOB,RWY05,508800,7501,218,23,off,29.61,41,508800 M,M,0,0
KPOB,RWY05,585000,7501,218,23,off,29.92,-18,585000 F,F,0,0
KPOB,RWY05,585000,7501,218,23,off,29.92,-16,585000 F,F,0,0
KPOB,RWY05,585000,7501,218,23,off,29.92,-14,585000 F,F,0,0
KPOB,RWY05,585000,7501,218,23,off,29.92,-11,585000 F,F,0,0
KPOB,RWY05,585000,7501,218,23,off,29.92,-9,585000 F,F,0,0
KPOB,RWY05,585000,7501,218,23,off,29.92,-6,585000 F,F,0,0
KPOB,RWY05,585000,7501,218,23,off,29.92,-4,585000 F,F,0,0
KPOB,RWY05,585000,7501,218,23,off,29.92,-1,585000 F,F,0,0
KPOB,RWY05,585000,7501,218,23,off,29.92,1,585000 F,F,0,0
KPOB,RWY05,585000,7501,218,23,off,29.92,4,585000 F,F,0,0
KPOB,RWY05,585000,7501,218,23,off,29.92,6,585000 F,F,0,0
KPOB,RWY05,585000,7501,218,23,off,29.92,9,585000 F,F,0,0
KPOB,RWY05,585000,7501,218,23,off,29.92,11,585000 F,F,0,0
KPOB,RWY05,585000,7501,218,23,off,29.92,13,585000 F,F,0,0
KPOB,RWY05,584200,7501,218,23,off,29.92,16,584200 M,M,0,0
KPOB,RWY05,582600,7501,218,23,off,29.92,18,582600 M,M,0,0
KPOB,RWY05,580200,7501,218,23,off,29.92,21,580200 M,M,0,0
KPOB,RWY05,578700,7501,218,23,off,29.92,23,578700 M,M,0,0
KPOB,RWY05,576400,7501,218,23,off,29.92,26,576400 M,M,0,0
KPOB,RWY05,574000,7501,218,23,off,29.92,28,574000 M,M,0,0
KPOB,RWY05,568900,7501,218,23,off,29.92,31,568900 M,M,0,0
KPOB,RWY05,557800,7501,218,23,off,29.92,33,557800 M,M,0,0
KPOB,RWY05,541600,7501,218,23,off,29.92,36,541600 M,M,0,0
KPOB,RWY05,530900,7501,218,23,off,29.92,38,530900 M,M,0,0
KPOB,RWY05,514600,7501,218,23,off,29.92,41,514600 M,M,0,0
KPOB,RWY05,585000,7501,218,23,off,30.22,-18,585000 F,F,0,0
KPOB,RWY05,585000,7501,218,23,off,30.22,-16,585000 F,F,0,0
KPOB,RWY05,585000,7501,218,23,off,30.22,-14,585000 F,F,0,0
KPOB,RWY05,585000,7501,218,23,off,30.22,-11,585000 F,F,0,0
KPOB,RWY05,585000,7501,218,23,off,30.22,-9,585000 F,F,0,0
KPOB,RWY05,585000,7501,218,23,off,30.22,-6,585000 F,F,0,0
KPOB,RWY05,585000,7501,218,23,off,30.22,-4,585000 F,F,0,0
KPOB,RWY05,585000,7501,218,23,off,30.22,-1,585000 F,F,0,0
KPOB,RWY05,585000,7501,218,23,off,30.22,1,585000 F,F,0,0
KPOB,RWY05,585000,7501,218,23,off,30.22,4,585000 F,F,0,0
KPOB,RWY05,585000,7501,218,23,off,30.22,6,585000 F,F,0,0
KPOB,RWY05,585000,7501,218,23,off,30.22,9,585000 F,F,0,0
KPOB,RWY05,585000,7501,218,23,off,30.22,11,585000 F,F,0,0
KPOB,RWY05,585000,7501,218,23,off,30.22,13,585000 F,F,0,0
KPOB,RWY05,585000,7501,218,23,off,30.22,16,585000 F,F,0,0
KPOB,RWY05,585000,7501,218,23,off,30.22,18,585000 F,F,0,0
KPOB,RWY05,583400,7501,218,23,off,30.22,21,583400 M,M,0,0
KPOB,RWY05,581900,7501,218,23,off,30.22,23,581900 M,M,0,0
KPOB,RWY05,579500,7501,218,23,off,30.22,26,579500 M,M,0,0
KPOB,RWY05,578000,7501,218,23,off,30.22,28,578000 M,M,0,0
KPOB,RWY05,573700,7501,218,23,off,30.22,31,573700 M,M,0,0
KPOB,RWY05,562900,7501,218,23,off,30.22,33,562900 M,M,0,0
KPOB,RWY05,546800,7501,218,23,off,30.22,36,546800 M,M,0,0
KPOB,RWY05,536100,7501,218,23,off,30.22,38,536100 M,M,0,0
KPOB,RWY05,519900,7501,218,23,off,30.22,41,519900 M,M,0,0
KPOB,RWY05,585000,7501,218,23,off,30.52,-18,585000 F,F,0,0
KPOB,RWY05,585000,7501,218,23,off,30.52,-16,585000 F,F,0,0
KPOB,RWY05,585000,7501,218,23,off,30.52,-14,585000 F,F,0,0
KPOB,RWY05,585000,7501,218,23,off,30.52,-11,585000 F,F,0,0
KPOB,RWY05,585000,7501,218,23,off,30.52,-9,585000 F,F,0,0
KPOB,RWY05,585000,7501,218,23,off,30.52,-6,585000 F,F,0,0
KPOB,RWY05,585000,7501,218,23,off,30.52,-4,585000 F,F,0,0
KPOB,RWY05,585000,7501,218,23,off,30.52,-1,585000 F,F,0,0
KPOB,RWY05,585000,7501,218,23,off,30.52,1,585000 F,F,0,0
KPOB,RWY05,585000,7501,218,23,off,30.52,4,585000 F,F,0,0
KPOB,RWY05,585000,7501,218,23,off,30.52,6,585000 F,F,0,0
KPOB,RWY05,585000,7501,218,23,off,30.52,9,585000 F,F,0,0
KPOB,RWY05,585000,7501,218,23,off,30.52,11,585000 F,F,0,0
KPOB,RWY05,585000,7501,218,23,off,30.52,13,585000 F,F,0,0
KPOB,RWY05,585000,7501,218,23,off,30.52,16,585000 F,F,0,0
KPOB,RWY05,585000,7501,218,23,off,30.52,18,585000 F,F,0,0
KPOB,RWY05,584300,7501,218,23,off,30.52,21,584300 M,M,0,0
KPOB,RWY05,582700,7501,218,23,off,30.52,23,582700 M,M,0,0
KPOB,RWY05,580400,7501,218,23,off,30.52,26,580400 M,M,0,0
KPOB,RWY05,578900,7501,218,23,off,30.52,28,578900 M,M,0,0
KPOB,RWY05,574300,7501,218,23,off,30.52,31,574300 M,M,0,0
KPOB,RWY05,564800,7501,218,23,off,30.52,33,564800 M,M,0,0
KPOB,RWY05,550100,7501,218,23,off,30.52,36,550100 M,M,0,0
KPOB,RWY05,539500,7501,218,23,off,30.52,38,539500 M,M,0,0
KPOB,RWY05,524100,7501,218,23,off,30.52,41,524100 M,M,0,0
KPOB,RWY05,580300,7501,218,12,off,29.61,-18,580300 M,M,0,0
KPOB,RWY05,579500,7501,218,12,off,29.61,-16,579500 M,M,0,0
KPOB,RWY05,578700,7501,218,12,off,29.61,-14,578700 M,M,0,0
KPOB,RWY05,577500,7501,218,12,off,29.61,-11,577500 M,M,0,0
KPOB,RWY05,576800,7501,218,12,off,29.61,-9,576800 M,M,0,0
KPOB,RWY05,575600,7501,218,12,off,29.61,-6,575600 M,M,0,0
KPOB,RWY05,574900,7501,218,12,off,29.61,-4,574900 M,M,0,0
KPOB,RWY05,573800,7501,218,12,off,29.61,-1,573800 M,M,0,0
KPOB,RWY05,573100,7501,218,12,off,29.61,1,573100 M,M,0,0
KPOB,RWY05,571900,7501,218,12,off,29.61,4,571900 M,M,0,0
KPOB,RWY05,571200,7501,218,12,off,29.61,6,571200 M,M,0,0
KPOB,RWY05,570000,7501,218,12,off,29.61,9,570000 M,M,0,0
KPOB,RWY05,569200,7501,218,12,off,29.61,11,569200 M,M,0,0
KPOB,RWY05,568200,7501,218,12,off,29.61,13,568200 M,M,0,0
KPOB,RWY05,566500,7501,218,12,off,29.61,16,566500 M,M,0,0
KPOB,RWY05,565000,7501,218,12,off,29.61,18,565000 M,M,0,0
KPOB,RWY05,562800,7501,218,12,off,29.61,21,562800 M,M,0,0
KPOB,RWY05,561200,7501,218,12,off,29.61,23,561200 M,M,0,0
KPOB,RWY05,558900,7501,218,12,off,29.61,26,558900 M,M,0,0
KPOB,RWY05,555300,7501,218,12,off,29.61,28,555300 M,M,0,0
KPOB,RWY05,549100,7501,218,12,off,29.61,31,549100 M,M,0,0
KPOB,RWY05,538700,7501,218,12,off,29.61,33,538700 M,M,0,0
KPOB,RWY05,522900,7501,218,12,off,29.61,36,522900 M,M,0,0
KPOB,RWY05,512500,7501,218,12,off,29.61,38,512500 M,M,0,0
KPOB,RWY05,496600,7501,218,12,off,29.61,41,496600 M,M,0,0
KPOB,RWY05,584100,7501,218,12,off,29.92,-18,584100 M,M,0,0
KPOB,RWY05,583200,7501,218,12,off,29.92,-16,583200 M,M,0,0
KPOB,RWY05,582400,7501,218,12,off,29.92,-14,582400 M,M,0,0
KPOB,RWY05,581100,7501,218,12,off,29.92,-11,581100 M,M,0,0
KPOB,RWY05,580300,7501,218,12,off,29.92,-9,580300 M,M,0,0
KPOB,RWY05,579200,7501,218,12,off,29.92,-6,579200 M,M,0,0
KPOB,RWY05,578400,7501,218,12,off,29.92,-4,578400 M,M,0,0
KPOB,RWY05,577300,7501,218,12,off,29.92,-1,577300 M,M,0,0
KPOB,RWY05,576600,7501,218,12,off,29.92,1,576600 M,M,0,0
KPOB,RWY05,575500,7501,218,12,off,29.92,4,575500 M,M,0,0
KPOB,RWY05,574700,7501,218,12,off,29.92,6,574700 M,M,0,0
KPOB,RWY05,573600,7501,218,12,off,29.92,9,573600 M,M,0,0
KPOB,RWY05,572800,7501,218,12,off,29.92,11,572800 M,M,0,0
KPOB,RWY05,571900,7501,218,12,off,29.92,13,571900 M,M,0,0
KPOB,RWY05,570200,7501,218,12,off,29.92,16,570200 M,M,0,0
KPOB,RWY05,568700,7501,218,12,off,29.92,18,568700 M,M,0,0
KPOB,RWY05,566600,7501,218,12,off,29.92,21,566600 M,M,0,0
KPOB,RWY05,565000,7501,218,12,off,29.92,23,565000 M,M,0,0
KPOB,RWY05,562700,7501,218,12,off,29.92,26,562700 M,M,0,0
KPOB,RWY05,560200,7501,218,12,off,29.92,28,560200 M,M,0,0
KPOB,RWY05,555300,7501,218,12,off,29.92,31,555300 M,M,0,0
KPOB,RWY05,544700,7501,218,12,off,29.92,33,544700 M,M,0,0
KPOB,RWY05,528700,7501,218,12,off,29.92,36,528700 M,M,0,0
KPOB,RWY05,518200,7501,218,12,off,29.92,38,518200 M,M,0,0
KPOB,RWY05,502200,7501,218,12,off,29.92,41,502200 M,M,0,0
KPOB,RWY05,585000,7501,218,12,off,30.22,-18,585000 F,F,0,0
KPOB,RWY05,585000,7501,218,12,off,30.22,-16,585000 F,F,0,0
KPOB,RWY05,585000,7501,218,12,off,30.22,-14,585000 F,F,0,0
KPOB,RWY05,584200,7501,218,12,off,30.22,-11,584200 M,M,0,0
KPOB,RWY05,583300,7501,218,12,off,30.22,-9,583300 M,M,0,0
KPOB,RWY05,582100,7501,218,12,off,30.22,-6,582100 M,M,0,0
KPOB,RWY05,581300,7501,218,12,off,30.22,-4,581300 M,M,0,0
KPOB,RWY05,580200,7501,218,12,off,30.22,-1,580200 M,M,0,0
KPOB,RWY05,579400,7501,218,12,off,30.22,1,579400 M,M,0,0
KPOB,RWY05,578300,7501,218,12,off,30.22,4,578300 M,M,0,0
KPOB,RWY05,577600,7501,218,12,off,30.22,6,577600 M,M,0,0
KPOB,RWY05,576400,7501,218,12,off,30.22,9,576400 M,M,0,0
KPOB,RWY05,575700,7501,218,12,off,30.22,11,575700 M,M,0,0
KPOB,RWY05,574800,7501,218,12,off,30.22,13,574800 M,M,0,0
KPOB,RWY05,573300,7501,218,12,off,30.22,16,573300 M,M,0,0
KPOB,RWY05,571800,7501,218,12,off,30.22,18,571800 M,M,0,0
KPOB,RWY05,569600,7501,218,12,off,30.22,21,569600 M,M,0,0
KPOB,RWY05,568200,7501,218,12,off,30.22,23,568200 M,M,0,0
KPOB,RWY05,565800,7501,218,12,off,30.22,26,565800 M,M,0,0
KPOB,RWY05,564300,7501,218,12,off,30.22,28,564300 M,M,0,0
KPOB,RWY05,560000,7501,218,12,off,30.22,31,560000 M,M,0,0
KPOB,RWY05,549600,7501,218,12,off,30.22,33,549600 M,M,0,0
KPOB,RWY05,533800,7501,218,12,off,30.22,36,533800 M,M,0,0
KPOB,RWY05,523400,7501,218,12,off,30.22,38,523400 M,M,0,0
KPOB,RWY05,507500,7501,218,12,off,30.22,41,507500 M,M,0,0
KPOB,RWY05,585000,7501,218,12,off,30.52,-18,585000 F,F,0,0
KPOB,RWY05,585000,7501,218,12,off,30.52,-16,585000 F,F,0,0
KPOB,RWY05,585000,7501,218,12,off,30.52,-14,585000 F,F,0,0
KPOB,RWY05,584700,7501,218,12,off,30.52,-11,584700 M,M,0,0
KPOB,RWY05,583800,7501,218,12,off,30.52,-9,583800 M,M,0,0
KPOB,RWY05,582600,7501,218,12,off,30.52,-6,582600 M,M,0,0
KPOB,RWY05,581800,7501,218,12,off,30.52,-4,581800 M,M,0,0
KPOB,RWY05,580700,7501,218,12,off,30.52,-1,580700 M,M,0,0
KPOB,RWY05,579900,7501,218,12,off,30.52,1,579900 M,M,0,0
KPOB,RWY05,578800,7501,218,12,off,30.52,4,578800 M,M,0,0
KPOB,RWY05,578100,7501,218,12,off,30.52,6,578100 M,M,0,0
KPOB,RWY05,577000,7501,218,12,off,30.52,9,577000 M,M,0,0
KPOB,RWY05,576300,7501,218,12,off,30.52,11,576300 M,M,0,0
KPOB,RWY05,575500,7501,218,12,off,30.52,13,575500 M,M,0,0
KPOB,RWY05,574100,7501,218,12,off,30.52,16,574100 M,M,0,0
KPOB,RWY05,572700,7501,218,12,off,30.52,18,572700 M,M,0,0
KPOB,RWY05,570600,7501,218,12,off,30.52,21,570600 M,M,0,0
KPOB,RWY05,569100,7501,218,12,off,30.52,23,569100 M,M,0,0
KPOB,RWY05,566800,7501,218,12,off,30.52,26,566800 M,M,0,0
KPOB,RWY05,565300,7501,218,12,off,30.52,28,565300 M,M,0,0
KPOB,RWY05,560500,7501,218,12,off,30.52,31,560500 M,M,0,0
KPOB,RWY05,551400,7501,218,12,off,30.52,33,551400 M,M,0,0
KPOB,RWY05,536900,7501,218,12,off,30.52,36,536900 M,M,0,0
KPOB,RWY05,526600,7501,218,12,off,30.52,38,526600 M,M,0,0
KPOB,RWY05,511600,7501,218,12,off,30.52,41,511600 M,M,0,0
KPOB,RWY05,564500,7501,218,12,on,29.61,-18,564500 M2,M2,1,1
KPOB,RWY05,563700,7501,218,12,on,29.61,-16,563700 M2,M2,1,1
KPOB,RWY05,562900,7501,218,12,on,29.61,-14,562900 M2,M2,1,1
KPOB,RWY05,561500,7501,218,12,on,29.61,-11,561500 M2,M2,1,1
KPOB,RWY05,560700,7501,218,12,on,29.61,-9,560700 M2,M2,1,1
KPOB,RWY05,559400,7501,218,12,on,29.61,-6,559400 M1,M1,0,1
KPOB,RWY05,558600,7501,218,12,on,29.61,-4,558600 M1,M1,0,1
KPOB,RWY05,557500,7501,218,12,on,29.61,-1,557500 M1,M1,0,1
KPOB,RWY05,556700,7501,218,12,on,29.61,1,556700 M1,M1,0,1
KPOB,RWY05,555500,7501,218,12,on,29.61,4,555500 M1,M1,0,1
KPOB,RWY05,554800,7501,218,12,on,29.61,6,554800 M1,M1,0,1
KPOB,RWY05,553700,7501,218,12,on,29.61,9,553700 M1,M1,0,1
KPOB,RWY05,568000,7501,218,12,on,29.92,-18,568000 M2,M2,1,1
KPOB,RWY05,567200,7501,218,12,on,29.92,-16,567200 M2,M2,1,1
KPOB,RWY05,566400,7501,218,12,on,29.92,-14,566400 M2,M2,1,1
KPOB,RWY05,565100,7501,218,12,on,29.92,-11,565100 M2,M2,1,1
KPOB,RWY05,564200,7501,218,12,on,29.92,-9,564200 M2,M2,1,1
KPOB,RWY05,562900,7501,218,12,on,29.92,-6,562900 M2,M2,1,1
KPOB,RWY05,562100,7501,218,12,on,29.92,-4,562100 M2,M2,1,1
KPOB,RWY05,560900,7501,218,12,on,29.92,-1,560900 M2,M2,1,1
KPOB,RWY05,560100,7501,218,12,on,29.92,1,560100 M2,M2,1,1
KPOB,RWY05,558900,7501,218,12,on,29.92,4,558900 M1,M1,0,1
KPOB,RWY05,558200,7501,218,12,on,29.92,6,558200 M1,M1,0,1
KPOB,RWY05,557100,7501,218,12,on,29.92,9,557100 M1,M1,0,1
KPOB,RWY05,570800,7501,218,12,on,30.22,-18,570800 M2,M2,1,1
KPOB,RWY05,570000,7501,218,12,on,30.22,-16,570000 M2,M2,1,1
KPOB,RWY05,569200,7501,218,12,on,30.22,-14,569200 M2,M2,1,1
KPOB,RWY05,568000,7501,218,12,on,30.22,-11,568000 M2,M2,1,1
KPOB,RWY05,567100,7501,218,12,on,30.22,-9,567100 M2,M2,1,1
KPOB,RWY05,565800,7501,218,12,on,30.22,-6,565800 M2,M2,1,1
KPOB,RWY05,564900,7501,218,12,on,30.22,-4,564900 M2,M2,1,1
KPOB,RWY05,563700,7501,218,12,on,30.22,-1,563700 M2,M2,1,1
KPOB,RWY05,562900,7501,218,12,on,30.22,1,562900 M2,M2,1,1
KPOB,RWY05,561700,7501,218,12,on,30.22,4,561700 M1,M1,0,1
KPOB,RWY05,560900,7501,218,12,on,30.22,6,560900 M1,M1,0,1
KPOB,RWY05,559800,7501,218,12,on,30.22,9,559800 M1,M1,0,1
KPOB,RWY05,571100,7501,218,12,on,30.52,-18,571100 M2,M2,1,1
KPOB,RWY05,570200,7501,218,12,on,30.52,-16,570200 M2,M2,1,1
KPOB,RWY05,569400,7501,218,12,on,30.52,-14,569400 M2,M2,1,1
KPOB,RWY05,568200,7501,218,12,on,30.52,-11,568200 M2,M2,1,1
KPOB,RWY05,567300,7501,218,12,on,30.52,-9,567300 M2,M2,1,1
KPOB,RWY05,566000,7501,218,12,on,30.52,-6,566000 M2,M2,1,1
KPOB,RWY05,565100,7501,218,12,on,30.52,-4,565100 M2,M2,1,1
KPOB,RWY05,563900,7501,218,12,on,30.52,-1,563900 M2,M2,1,1
KPOB,RWY05,563100,7501,218,12,on,30.52,1,563100 M2,M2,1,1
KPOB,RWY05,561900,7501,218,12,on,30.52,4,561900 M2,M2,1,1
KPOB,RWY05,561100,7501,218,12,on,30.52,6,561100 M2,M2,1,1
KPOB,RWY05,559900,7501,218,12,on,30.52,9,559900 M1,M1,0,1
KPOB,RWY05,585000,8501,218,23,off,29.61,-18,585000 F,F,0,0
KPOB,RWY05,585000,8501,218,23,off,29.61,-16,585000 F,F,0,0
KPOB,RWY05,585000,8501,218,23,off,29.61,-14,585000 F,F,0,0
KPOB,RWY05,585000,8501,218,23,off,29.61,-11,585000 F,F,0,0
KPOB,RWY05,585000,8501,218,23,off,29.61,-9,585000 F,F,0,0
KPOB,RWY05,585000,8501,218,23,off,29.61,-6,585000 F,F,0,0
KPOB,RWY05,585000,8501,218,23,off,29.61,-4,585000 F,F,0,0
KPOB,RWY05,585000,8501,218,23,off,29.61,-1,585000 F,F,0,0
KPOB,RWY05,585000,8501,218,23,off,29.61,1,585000 F,F,0,0
KPOB,RWY05,585000,8501,218,23,off,29.61,4,585000 F,F,0,0
KPOB,RWY05,585000,8501,218,23,off,29.61,6,585000 F,F,0,0
KPOB,RWY05,585000,8501,218,23,off,29.61,9,585000 F,F,0,0
KPOB,RWY05,585000,8501,218,23,off,29.61,11,585000 F,F,0,0
KPOB,RWY05,585000,8501,218,23,off,29.61,13,585000 F,F,0,0
KPOB,RWY05,585000,8501,218,23,off,29.61,16,585000 F,F,0,0
KPOB,RWY05,585000,8501,218,23,off,29.61,18,585000 F,F,0,0
KPOB,RWY05,585000,8501,218,23,off,29.61,21,585000 F,F,0,0
KPOB,RWY05,585000,8501,218,23,off,29.61,23,585000 F,F,0,0
KPOB,RWY05,585000,8501,218,23,off,29.61,26,585000 F,F,0,0
KPOB,RWY05,585000,8501,218,23,off,29.61,28,585000 F,F,0,0
KPOB,RWY05,585000,8501,218,23,off,29.61,31,585000 F,F,0,0
KPOB,RWY05,575600,8501,218,23,off,29.61,33,575600 M,M,0,0
KPOB,RWY05,560000,8501,218,23,off,29.61,36,560000 M,M,0,0
KPOB,RWY05,549500,8501,218,23,off,29.61,38,549500 M,M,0,0
KPOB,RWY05,533000,8501,218,23,off,29.61,41,533000 M,M,0,0
KPOB,RWY05,585000,8501,218,23,off,29.92,-18,585000 F,F,0,0
KPOB,RWY05,585000,8501,218,23,off,29.92,-16,585000 F,F,0,0
KPOB,RWY05,585000,8501,218,23,off,29.92,-14,585000 F,F,0,0
KPOB,RWY05,585000,8501,218,23,off,29.92,-11,585000 F,F,0,0
KPOB,RWY05,585000,8501,218,23,off,29.92,-9,585000 F,F,0,0
KPOB,RWY05,585000,8501,218,23,off,29.92,-6,585000 F,F,0,0
KPOB,RWY05,585000,8501,218,23,off,29.92,-4,585000 F,F,0,0
KPOB,RWY05,585000,8501,218,23,off,29.92,-1,585000 F,F,0,0
KPOB,RWY05,585000,8501,218,23,off,29.92,1,585000 F,F,0,0
KPOB,RWY05,585000,8501,218,23,off,29.92,4,585000 F,F,0,0
KPOB,RWY05,585000,8501,218,23,off,29.92,6,585000 F,F,0,0
KPOB,RWY05,585000,8501,218,23,off,29.92,9,585000 F,F,0,0
KPOB,RWY05,585000,8501,218,23,off,29.92,11,585000 F,F,0,0
KPOB,RWY05,585000,8501,218,23,off,29.92,13,585000 F,F,0,0
KPOB,RWY05,585000,8501,218,23,off,29.92,16,585000 F,F,0,0
KPOB,RWY05,585000,8501,218,23,off,29.92,18,585000 F,F,0,0
KPOB,RWY05,585000,8501,218,23,off,29.92,21,585000 F,F,0,0
KPOB,RWY05,585000,8501,218,23,off,29.92,23,585000 F,F,0,0
KPOB,RWY05,585000,8501,218,23,off,29.92,26,585000 F,F,0,0
KPOB,RWY05,585000,8501,218,23,off,29.92,28,585000 F,F,0,0
KPOB,RWY05,585000,8501,218,23,off,29.92,31,585000 F,F,0,0
KPOB,RWY05,582000,8501,218,23,off,29.92,33,582000 M,M,0,0
KPOB,RWY05,566000,8501,218,23,off,29.92,36,566000 M,M,0,0
KPOB,RWY05,555700,8501,218,23,off,29.92,38,555700 M,M,0,0
KPOB,RWY05,538900,8501,218,23,off,29.92,41,538900 M,M,0,0
KPOB,RWY05,585000,8501,218,23,off,30.22,-18,585000 F,F,0,0
KPOB,RWY05,585000,8501,218,23,off,30.22,-16,585000 F,F,0,0
KPOB,RWY05,585000,8501,218,23,off,30.22,-14,585000 F,F,0,0
KPOB,RWY05,585000,8501,218,23,off,30.22,-11,585000 F,F,0,0
KPOB,RWY05,585000,8501,218,23,off,30.22,-9,585000 F,F,0,0
KPOB,RWY05,585000,8501,218,23,off,30.22,-6,585000 F,F,0,0
KPOB,RWY05,585000,8501,218,23,off,30.22,-4,585000 F,F,0,0
KPOB,RWY05,585000,8501,218,23,off,30.22,-1,585000 F,F,0,0
KPOB,RWY05,585000,8501,218,23,off,30.22,1,585000 F,F,0,0
KPOB,RWY05,585000,8501,218,23,off,30.22,4,585000 F,F,0,0
KPOB,RWY05,585000,8501,218,23,off,30.22,6,585000 F,F,0,0
KPOB,RWY05,585000,8501,218,23,off,30.22,9,585000 F,F,0,0
KPOB,RWY05,585000,8501,218,23,off,30.22,11,585000 F,F,0,0
KPOB,RWY05,585000,8501,218,23,off,30.22,13,585000 F,F,0,0
KPOB,RWY05,585000,8501,218,23,off,30.22,16,585000 F,F,0,0
KPOB,RWY05,585000,8501,218,23,off,30.22,18,585000 F,F,0,0
KPOB,RWY05,585000,8501,218,23,off,30.22,21,585000 F,F,0,0
KPOB,RWY05,585000,8501,218,23,off,30.22,23,585000 F,F,0,0
KPOB,RWY05,585000,8501,218,23,off,30.22,26,585000 F,F,0,0
KPOB,RWY05,585000,8501,218,23,off,30.22,28,585000 F,F,0,0
KPOB,RWY05,585000,8501,218,23,off,30.22,31,585000 F,F,0,0
KPOB,RWY05,585000,8501,218,23,off,30.22,33,585000 F,F,0,0
KPOB,RWY05,571300,8501,218,23,off,30.22,36,571300 M,M,0,0
KPOB,RWY05,561000,8501,218,23,off,30.22,38,561000 M,M,0,0
KPOB,RWY05,544500,8501,218,23,off,30.22,41,544500 M,M,0,0
KPOB,RWY05,585000,8501,218,23,off,30.52,-18,585000 F,F,0,0
KPOB,RWY05,585000,8501,218,23,off,30.52,-16,585000 F,F,0,0
KPOB,RWY05,585000,8501,218,23,off,30.52,-14,585000 F,F,0,0
KPOB,RWY05,585000,8501,218,23,off,30.52,-11,585000 F,F,0,0
KPOB,RWY05,585000,8501,218,23,off,30.52,-9,585000 F,F,0,0
KPOB,RWY05,585000,8501,218,23,off,30.52,-6,585000 F,F,0,0
KPOB,RWY05,585000,8501,218,23,off,30.52,-4,585000 F,F,0,0
KPOB,RWY05,585000,8501,218,23,off,30.52,-1,585000 F,F,0,0
KPOB,RWY05,585000,8501,218,23,off,30.52,1,585000 F,F,0,0
KPOB,RWY05,585000,8501,218,23,off,30.52,4,585000 F,F,0,0
KPOB,RWY05,585000,8501,218,23,off,30.52,6,585000 F,F,0,0
KPOB,RWY05,585000,8501,218,23,off,30.52,9,585000 F,F,0,0
KPOB,RWY05,585000,8501,218,23,off,30.52,11,585000 F,F,0,0
KPOB,RWY05,585000,8501,218,23,off,30.52,13,585000 F,F,0,0
KPOB,RWY05,585000,8501,218,23,off,30.52,16,585000 F,F,0,0
KPOB,RWY05,585000,8501,218,23,off,30.52,18,585000 F,F,0,0
KPOB,RWY05,585000,8501,218,23,off,30.52,21,585000 F,F,0,0
KPOB,RWY05,585000,8501,218,23,off,30.52,23,585000 F,F,0,0
KPOB,RWY05,585000,8501,218,23,off,30.52,26,585000 F,F,0,0
KPOB,RWY05,585000,8501,218,23,off,30.52,28,585000 F,F,0,0
KPOB,RWY05,585000,8501,218,23,off,30.52,31,585000 F,F,0,0
KPOB,RWY05,585000,8501,218,23,off,30.52,33,585000 F,F,0,0
KPOB,RWY05,574300,8501,218,23,off,30.52,36,574300 M,M,0,0
KPOB,RWY05,564100,8501,218,23,off,30.52,38,564100 M,M,0,0
KPOB,RWY05,549300,8501,218,23,off,30.52,41,549300 M,M,0,0
KPOB,RWY05,585000,8501,218,12,off,29.61,-18,585000 F,F,0,0
KPOB,RWY05,585000,8501,218,12,off,29.61,-16,585000 F,F,0,0
KPOB,RWY05,585000,8501,218,12,off,29.61,-14,585000 F,F,0,0
KPOB,RWY05,585000,8501,218,12,off,29.61,-11,585000 F,F,0,0
KPOB,RWY05,585000,8501,218,12,off,29.61,-9,585000 F,F,0,0
KPOB,RWY05,585000,8501,218,12,off,29.61,-6,585000 F,F,0,0
KPOB,RWY05,585000,8501,218,12,off,29.61,-4,585000 F,F,0,0
KPOB,RWY05,585000,8501,218,12,off,29.61,-1,585000 F,F,0,0
KPOB,RWY05,585000,8501,218,12,off,29.61,1,585000 F,F,0,0
KPOB,RWY05,585000,8501,218,12,off,29.61,4,585000 F,F,0,0
KPOB,RWY05,585000,8501,218,12,off,29.61,6,585000 F,F,0,0
KPOB,RWY05,585000,8501,218,12,off,29.61,9,585000 F,F,0,0
KPOB,RWY05,585000,8501,218,12,off,29.61,11,585000 F,F,0,0
KPOB,RWY05,585000,8501,218,12,off,29.61,13,585000 F,F,0,0
KPOB,RWY05,585000,8501,218,12,off,29.61,16,585000 F,F,0,0
KPOB,RWY05,585000,8501,218,12,off,29.61,18,585000 F,F,0,0
KPOB,RWY05,585000,8501,218,12,off,29.61,21,585000 F,F,0,0
KPOB,RWY05,583900,8501,218,12,off,29.61,23,583900 M,M,0,0
KPOB,RWY05,581500,8501,218,12,off,29.61,26,581500 M,M,0,0
KPOB,RWY05,577600,8501,218,12,off,29.61,28,577600 M,M,0,0
KPOB,RWY05,571400,8501,218,12,off,29.61,31,571400 M,M,0,0
KPOB,RWY05,560400,8501,218,12,off,29.61,33,560400 M,M,0,0
KPOB,RWY05,544300,8501,218,12,off,29.61,36,544300 M,M,0,0
KPOB,RWY05,533400,8501,218,12,off,29.61,38,533400 M,M,0,0
KPOB,RWY05,517100,8501,218,12,off,29.61,41,517100 M,M,0,0
KPOB,RWY05,585000,8501,218,12,off,29.92,-18,585000 F,F,0,0
KPOB,RWY05,585000,8501,218,12,off,29.92,-16,585000 F,F,0,0
KPOB,RWY05,585000,8501,218,12,off,29.92,-14,585000 F,F,0,0
KPOB,RWY05,585000,8501,218,12,off,29.92,-11,585000 F,F,0,0
KPOB,RWY05,585000,8501,218,12,off,29.92,-9,585000 F,F,0,0
KPOB,RWY05,585000,8501,218,12,off,29.92,-6,585000 F,F,0,0
KPOB,RWY05,585000,8501,218,12,off,29.92,-4,585000 F,F,0,0
KPOB,RWY05,585000,8501,218,12,off,29.92,-1,585000 F,F,0,0
KPOB,RWY05,585000,8501,218,12,off,29.92,1,585000 F,F,0,0
KPOB,RWY05,585000,8501,218,12,off,29.92,4,585000 F,F,0,0
KPOB,RWY05,585000,8501,218,12,off,29.92,6,585000 F,F,0,0
KPOB,RWY05,585000,8501,218,12,off,29.92,9,585000 F,F,0,0
KPOB,RWY05,585000,8501,218,12,off,29.92,11,585000 F,F,0,0
KPOB,RWY05,585000,8501,218,12,off,29.92,13,585000 F,F,0,0
KPOB,RWY05,585000,8501,218,12,off,29.92,16,585000 F,F,0,0
KPOB,RWY05,585000,8501,218,12,off,29.92,18,585000 F,F,0,0
KPOB,RWY05,585000,8501,218,12,off,29.92,21,585000 F,F,0,0
KPOB,RWY05,585000,8501,218,12,off,29.92,23,585000 F,F,0,0
KPOB,RWY05,585000,8501,218,12,off,29.92,26,585000 F,F,0,0
KPOB,RWY05,582700,8501,218,12,off,29.92,28,582700 M,M,0,0
KPOB,RWY05,577500,8501,218,12,off,29.92,31,577500 M,M,0,0
KPOB,RWY05,566300,8501,218,12,off,29.92,33,566300 M,M,0,0
KPOB,RWY05,550100,8501,218,12,off,29.92,36,550100 M,M,0,0
KPOB,RWY05,539100,8501,218,12,off,29.92,38,539100 M,M,0,0
KPOB,RWY05,522900,8501,218,12,off,29.92,41,522900 M,M,0,0
KPOB,RWY05,585000,8501,218,12,off,30.22,-18,585000 F,F,0,0
KPOB,RWY05,585000,8501,218,12,off,30.22,-16,585000 F,F,0,0
KPOB,RWY05,585000,8501,218,12,off,30.22,-14,585000 F,F,0,0
KPOB,RWY05,585000,8501,218,12,off,30.22,-11,585000 F,F,0,0
KPOB,RWY05,585000,8501,218,12,off,30.22,-9,585000 F,F,0,0
KPOB,RWY05,585000,8501,218,12,off,30.22,-6,585000 F,F,0,0
KPOB,RWY05,585000,8501,218,12,off,30.22,-4,585000 F,F,0,0
KPOB,RWY05,585000,8501,218,12,off,30.22,-1,585000 F,F,0,0
KPOB,RWY05,585000,8501,218,12,off,30.22,1,585000 F,F,0,0
KPOB,RWY05,585000,8501,218,12,off,30.22,4,585000 F,F,0,0
KPOB,RWY05,585000,8501,218,12,off,30.22,6,585000 F,F,0,0
KPOB,RWY05,585000,8501,218,12,off,30.22,9,585000 F,F,0,0
KPOB,RWY05,585000,8501,218,12,off,30.22,11,585000 F,F,0,0
KPOB,RWY05,585000,8501,218,12,off,30.22,13,585000 F,F,0,0
KPOB,RWY05,585000,8501,218,12,off,30.22,16,585000 F,F,0,0
KPOB,RWY05,585000,8501,218,12,off,30.22,18,585000 F,F,0,0
KPOB,RWY05,585000,8501,218,12,off,30.22,21,585000 F,F,0,0
KPOB,RWY05,585000,8501,218,12,off,30.22,23,585000 F,F,0,0
KPOB,RWY05,585000,8501,218,12,off,30.22,26,585000 F,F,0,0
KPOB,RWY05,585000,8501,218,12,off,30.22,28,585000 F,F,0,0
KPOB,RWY05,582400,8501,218,12,off,30.22,31,582400 M,M,0,0
KPOB,RWY05,571400,8501,218,12,off,30.22,33,571400 M,M,0,0
KPOB,RWY05,555300,8501,218,12,off,30.22,36,555300 M,M,0,0
KPOB,RWY05,544500,8501,218,12,off,30.22,38,544500 M,M,0,0
KPOB,RWY05,528300,8501,218,12,off,30.22,41,528300 M,M,0,0
KPOB,RWY05,585000,8501,218,12,off,30.52,-18,585000 F,F,0,0
KPOB,RWY05,585000,8501,218,12,off,30.52,-16,585000 F,F,0,0
KPOB,RWY05,585000,8501,218,12,off,30.52,-14,585000 F,F,0,0
KPOB,RWY05,585000,8501,218,12,off,30.52,-11,585000 F,F,0,0
KPOB,RWY05,585000,8501,218,12,off,30.52,-9,585000 F,F,0,0
KPOB,RWY05,585000,8501,218,12,off,30.52,-6,585000 F,F,0,0
KPOB,RWY05,585000,8501,218,12,off,30.52,-4,585000 F,F,0,0
KPOB,RWY05,585000,8501,218,12,off,30.52,-1,585000 F,F,0,0
KPOB,RWY05,585000,8501,218,12,off,30.52,1,585000 F,F,0,0
KPOB,RWY05,585000,8501,218,12,off,30.52,4,585000 F,F,0,0
KPOB,RWY05,585000,8501,218,12,off,30.52,6,585000 F,F,0,0
KPOB,RWY05,585000,8501,218,12,off,30.52,9,585000 F,F,0,0
KPOB,RWY05,585000,8501,218,12,off,30.52,11,585000 F,F,0,0
KPOB,RWY05,585000,8501,218,12,off,30.52,13,585000 F,F,0,0
KPOB,RWY05,585000,8501,218,12,off,30.52,16,585000 F,F,0,0
KPOB,RWY05,585000,8501,218,12,off,30.52,18,585000 F,F,0,0
KPOB,RWY05,585000,8501,218,12,off,30.52,21,585000 F,F,0,0
KPOB,RWY05,585000,8501,218,12,off,30.52,23,585000 F,F,0,0
KPOB,RWY05,585000,8501,218,12,off,30.52,26,585000 F,F,0,0
KPOB,RWY05,585000,8501,218,12,off,30.52,28,585000 F,F,0,0
KPOB,RWY05,583000,8501,218,12,off,30.52,31,583000 M,M,0,0
KPOB,RWY05,573300,8501,218,12,off,30.52,33,573300 M,M,0,0
KPOB,RWY05,558400,8501,218,12,off,30.52,36,558400 M,M,0,0
KPOB,RWY05,547900,8501,218,12,off,30.52,38,547900 M,M,0,0
KPOB,RWY05,532400,8501,218,12,off,30.52,41,532400 M,M,0,0
KPOB,RWY05,585000,8501,218,12,on,29.61,-18,585000 F,F,0,1
KPOB,RWY05,585000,8501,218,12,on,29.61,-16,585000 F,F,0,1
KPOB,RWY05,584300,8501,218,12,on,29.61,-14,584300 M2,M2,1,1
KPOB,RWY05,583000,8501,218,12,on,29.61,-11,583000 M2,M2,1,1
KPOB,RWY05,582200,8501,218,12,on,29.61,-9,582200 M2,M2,1,1
KPOB,RWY05,580900,8501,218,12,on,29.61,-6,580900 M2,M2,1,1
KPOB,RWY05,580100,8501,218,12,on,29.61,-4,580100 M2,M2,1,1
KPOB,RWY05,579000,8501,218,12,on,29.61,-1,579000 M2,M2,1,1
KPOB,RWY05,578200,8501,218,12,on,29.61,1,578200 M2,M2,1,1
KPOB,RWY05,577100,8501,218,12,on,29.61,4,577100 M2,M2,1,1
KPOB,RWY05,576400,8501,218,12,on,29.61,6,576400 M2,M2,1,1
KPOB,RWY05,575300,8501,218,12,on,29.61,9,575300 M2,M2,1,1
KPOB,RWY05,585000,8501,218,12,on,29.92,-18,585000 F,F,0,1
KPOB,RWY05,585000,8501,218,12,on,29.92,-16,585000 F,F,0,1
KPOB,RWY05,585000,8501,218,12,on,29.92,-14,585000 F,F,0,1
KPOB,RWY05,585000,8501,218,12,on,29.92,-11,585000 F,F,0,1
KPOB,RWY05,585000,8501,218,12,on,29.92,-9,585000 F,F,0,1
KPOB,RWY05,584700,8501,218,12,on,29.92,-6,584700 M2,M2,1,1
KPOB,RWY05,583900,8501,218,12,on,29.92,-4,583900 M2,M2,1,1
KPOB,RWY05,582600,8501,218,12,on,29.92,-1,582600 M2,M2,1,1
KPOB,RWY05,581900,8501,218,12,on,29.92,1,581900 M2,M2,1,1
KPOB,RWY05,580700,8501,218,12,on,29.92,4,580700 M2,M2,1,1
KPOB,RWY05,579900,8501,218,12,on,29.92,6,579900 M2,M2,1,1
KPOB,RWY05,578800,8501,218,12,on,29.92,9,578800 M2,M2,1,1
KPOB,RWY05,578100,8501,218,12,on,29.92,11,578100 M2,M2,1,1
KPOB,RWY05,577400,8501,218,12,on,29.92,13,577400 M2,M2,1,1
KPOB,RWY05,575800,8501,218,12,on,29.92,16,575800 M2,M2,1,1
KPOB,RWY05,574400,8501,218,12,on,29.92,18,574400 M1,M1,0,1
KPOB,RWY05,572200,8501,218,12,on,29.92,21,572200 M1,M1,0,1
KPOB,RWY05,585000,8501,218,12,on,30.22,-18,585000 F,F,0,1
KPOB,RWY05,585000,8501,218,12,on,30.22,-16,585000 F,F,0,1
KPOB,RWY05,585000,8501,218,12,on,30.22,-14,585000 F,F,0,1
KPOB,RWY05,585000,8501,218,12,on,30.22,-11,585000 F,F,0,1
KPOB,RWY05,585000,8501,218,12,on,30.22,-9,585000 F,F,0,1
KPOB,RWY05,585000,8501,218,12,on,30.22,-6,585000 F,F,0,1
KPOB,RWY05,585000,8501,218,12,on,30.22,-4,585000 F,F,0,1
KPOB,RWY05,585000,8501,218,12,on,30.22,-1,585000 F,F,0,1
KPOB,RWY05,584800,8501,218,12,on,30.22,1,584800 M2,M2,1,1
KPOB,RWY05,583600,8501,218,12,on,30.22,4,583600 M2,M2,1,1
KPOB,RWY05,582800,8501,218,12,on,30.22,6,582800 M2,M2,1,1
KPOB,RWY05,581700,8501,218,12,on,30.22,9,581700 M2,M2,1,1
KPOB,RWY05,581000,8501,218,12,on,30.22,11,581000 M2,M2,1,1
KPOB,RWY05,580200,8501,218,12,on,30.22,13,580200 M2,M2,1,1
KPOB,RWY05,585000,8501,218,12,on,30.52,-18,585000 F,F,0,1
KPOB,RWY05,585000,8501,218,12,on,30.52,-16,585000 F,F,0,1
KPOB,RWY05,585000,8501,218,12,on,30.52,-14,585000 F,F,0,1
KPOB,RWY05,585000,8501,218,12,on,30.52,-11,585000 F,F,0,1
KPOB,RWY05,585000,8501,218,12,on,30.52,-9,585000 F,F,0,1
KPOB,RWY05,585000,8501,218,12,on,30.52,-6,585000 F,F,0,1
KPOB,RWY05,585000,8501,218,12,on,30.52,-4,585000 F,F,0,1
KPOB,RWY05,585000,8501,218,12,on,30.52,-1,585000 F,F,0,1
KPOB,RWY05,584900,8501,218,12,on,30.52,1,584900 M2,M2,1,1
KPOB,RWY05,583800,8501,218,12,on,30.52,4,583800 M2,M2,1,1
KPOB,RWY05,583000,8501,218,12,on,30.52,6,583000 M2,M2,1,1
KPOB,RWY05,581800,8501,218,12,on,30.52,9,581800 M2,M2,1,1
KPOB,RWY05,581100,8501,218,12,on,30.52,11,581100 M2,M2,1,1
KPOB,RWY05,580300,8501,218,12,on,30.52,13,580300 M2,M2,1,1
KPOB,RWY05,571400,8501,218,5,on,29.61,-18,571400 M2,M2,1,1
KPOB,RWY05,570500,8501,218,5,on,29.61,-16,570500 M2,M2,1,1
KPOB,RWY05,569700,8501,218,5,on,29.61,-14,569700 M2,M2,1,1
KPOB,RWY05,568800,8501,218,5,on,29.61,-12,568800 M2,M2,1,1
KPOB,RWY05,568000,8501,218,5,on,29.61,-10,568000 M2,M2,1,1
KPOB,RWY05,567200,8501,218,5,on,29.61,-8,567200 M2,M2,1,1
KPOB,RWY05,566400,8501,218,5,on,29.61,-6,566400 M2,M2,1,1
KPOB,RWY05,565600,8501,218,5,on,29.61,-4,565600 M2,M2,1,1
KPOB,RWY05,564800,8501,218,5,on,29.61,-2,564800 M2,M2,1,1
KPOB,RWY05,564100,8501,218,5,on,29.61,0,564100 M1,M1,0,1
KPOB,RWY05,563300,8501,218,5,on,29.61,2,563300 M1,M1,0,1
KPOB,RWY05,562500,8501,218,5,on,29.61,4,562500 M1,M1,0,1
KPOB,RWY05,574900,8501,218,5,on,29.92,-18,574900 M2,M2,1,1
KPOB,RWY05,574500,8501,218,5,on,29.92,-17,574500 M2,M2,1,1
KPOB,RWY05,574000,8501,218,5,on,29.92,-16,574000 M2,M2,1,1
KPOB,RWY05,573200,8501,218,5,on,29.92,-14,573200 M2,M2,1,1
KPOB,RWY05,572800,8501,218,5,on,29.92,-13,572800 M2,M2,1,1
KPOB,RWY05,571900,8501,218,5,on,29.92,-11,571900 M2,M2,1,1
KPOB,RWY05,571500,8501,218,5,on,29.92,-10,571500 M2,M2,1,1
KPOB,RWY05,571100,8501,218,5,on,29.92,-9,571100 M2,M2,1,1
KPOB,RWY05,570300,8501,218,5,on,29.92,-7,570300 M2,M2,1,1
KPOB,RWY05,569900,8501,218,5,on,29.92,-6,569900 M2,M2,1,1
KPOB,RWY05,569100,8501,218,5,on,29.92,-4,569100 M2,M2,1,1
KPOB,RWY05,568700,8501,218,5,on,29.92,-3,568700 M2,M2,1,1
KPOB,RWY05,568000,8501,218,5,on,29.92,-1,568000 M2,M2,1,1
KPOB,RWY05,567600,8501,218,5,on,29.92,0,567600 M1,M1,0,1
KPOB,RWY05,567200,8501,218,5,on,29.92,1,567200 M1,M1,0,1
KPOB,RWY05,566400,8501,218,5,on,29.92,3,566400 M1,M1,0,1
KPOB,RWY05,566100,8501,218,5,on,29.92,4,566100 M1,M1,0,1
KPOB,RWY05,577700,8501,218,5,on,30.22,-18,577700 M2,M2,1,1
KPOB,RWY05,577300,8501,218,5,on,30.22,-17,577300 M2,M2,1,1
KPOB,RWY05,576900,8501,218,5,on,30.22,-16,576900 M2,M2,1,1
KPOB,RWY05,576000,8501,218,5,on,30.22,-14,576000 M2,M2,1,1
KPOB,RWY05,575600,8501,218,5,on,30.22,-13,575600 M2,M2,1,1
KPOB,RWY05,574800,8501,218,5,on,30.22,-11,574800 M2,M2,1,1
KPOB,RWY05,574400,8501,218,5,on,30.22,-10,574400 M2,M2,1,1
KPOB,RWY05,573900,8501,218,5,on,30.22,-9,573900 M2,M2,1,1
KPOB,RWY05,573100,8501,218,5,on,30.22,-7,573100 M2,M2,1,1
KPOB,RWY05,572700,8501,218,5,on,30.22,-6,572700 M2,M2,1,1
KPOB,RWY05,571900,8501,218,5,on,30.22,-4,571900 M2,M2,1,1
KPOB,RWY05,571500,8501,218,5,on,30.22,-3,571500 M2,M2,1,1
KPOB,RWY05,570700,8501,218,5,on,30.22,-1,570700 M2,M2,1,1
KPOB,RWY05,570400,8501,218,5,on,30.22,0,570400 M2,M2,1,1
KPOB,RWY05,570000,8501,218,5,on,30.22,1,570000 M2,M2,1,1
KPOB,RWY05,569200,8501,218,5,on,30.22,3,569200 M1,M1,0,1
KPOB,RWY05,568800,8501,218,5,on,30.22,4,568800 M1,M1,0,1
KPOB,RWY05,578000,8501,218,5,on,30.52,-18,578000 M2,M2,1,1
KPOB,RWY05,577600,8501,218,5,on,30.52,-17,577600 M2,M2,1,1
KPOB,RWY05,577100,8501,218,5,on,30.52,-16,577100 M2,M2,1,1
KPOB,RWY05,576300,8501,218,5,on,30.52,-14,576300 M2,M2,1,1
KPOB,RWY05,575800,8501,218,5,on,30.52,-13,575800 M2,M2,1,1
KPOB,RWY05,575000,8501,218,5,on,30.52,-11,575000 M2,M2,1,1
KPOB,RWY05,574600,8501,218,5,on,30.52,-10,574600 M2,M2,1,1
KPOB,RWY05,574200,8501,218,5,on,30.52,-9,574200 M2,M2,1,1
KPOB,RWY05,573300,8501,218,5,on,30.52,-7,573300 M2,M2,1,1
KPOB,RWY05,572900,8501,218,5,on,30.52,-6,572900 M2,M2,1,1
KPOB,RWY05,572100,8501,218,5,on,30.52,-4,572100 M2,M2,1,1
KPOB,RWY05,571700,8501,218,5,on,30.52,-3,571700 M2,M2,1,1
KPOB,RWY05,570900,8501,218,5,on,30.52,-1,570900 M2,M2,1,1
KPOB,RWY05,570600,8501,218,5,on,30.52,0,570600 M2,M2,1,1
KPOB,RWY05,570200,8501,218,5,on,30.52,1,570200 M2,M2,1,1
KPOB,RWY05,569400,8501,218,5,on,30.52,3,569400 M2,M2,1,1
KPOB,RWY05,569000,8501,218,5,on,30.52,4,569000 M2,M2,1,1
KPOB,RWY23,577900,8501,218,23,off,29.61,-18,577900 M,M,0,0
KPOB,RWY23,577000,8501,218,23,off,29.61,-16,577000 M,M,0,0
KPOB,RWY23,576200,8501,218,23,off,29.61,-14,576200 M,M,0,0
KPOB,RWY23,575100,8501,218,23,off,29.61,-11,575100 M,M,0,0
KPOB,RWY23,574300,8501,218,23,off,29.61,-9,574300 M,M,0,0
KPOB,RWY23,573100,8501,218,23,off,29.61,-6,573100 M,M,0,0
KPOB,RWY23,572400,8501,218,23,off,29.61,-4,572400 M,M,0,0
KPOB,RWY23,571300,8501,218,23,off,29.61,-1,571300 M,M,0,0
KPOB,RWY23,570500,8501,218,23,off,29.61,1,570500 M,M,0,0
KPOB,RWY23,569500,8501,218,23,off,29.61,4,569500 M,M,0,0
KPOB,RWY23,568800,8501,218,23,off,29.61,6,568800 M,M,0,0
KPOB,RWY23,567700,8501,218,23,off,29.61,9,567700 M,M,0,0
KPOB,RWY23,567000,8501,218,23,off,29.61,11,567000 M,M,0,0
KPOB,RWY23,566100,8501,218,23,off,29.61,13,566100 M,M,0,0
KPOB,RWY23,564600,8501,218,23,off,29.61,16,564600 M,M,0,0
KPOB,RWY23,563200,8501,218,23,off,29.61,18,563200 M,M,0,0
KPOB,RWY23,560700,8501,218,23,off,29.61,21,560700 M,M,0,0
KPOB,RWY23,559200,8501,218,23,off,29.61,23,559200 M,M,0,0
KPOB,RWY23,557000,8501,218,23,off,29.61,26,557000 M,M,0,0
KPOB,RWY23,553300,8501,218,23,off,29.61,28,553300 M,M,0,0
KPOB,RWY23,547300,8501,218,23,off,29.61,31,547300 M,M,0,0
KPOB,RWY23,536600,8501,218,23,off,29.61,33,536600 M,M,0,0
KPOB,RWY23,520700,8501,218,23,off,29.61,36,520700 M,M,0,0
KPOB,RWY23,510400,8501,218,23,off,29.61,38,510400 M,M,0,0
KPOB,RWY23,494700,8501,218,23,off,29.61,41,494700 M,M,0,0
KPOB,RWY23,581500,8501,218,23,off,29.92,-18,581500 M,M,0,0
KPOB,RWY23,580600,8501,218,23,off,29.92,-16,580600 M,M,0,0
KPOB,RWY23,579800,8501,218,23,off,29.92,-14,579800 M,M,0,0
KPOB,RWY23,578600,8501,218,23,off,29.92,-11,578600 M,M,0,0
KPOB,RWY23,577800,8501,218,23,off,29.92,-9,577800 M,M,0,0
KPOB,RWY23,576700,8501,218,23,off,29.92,-6,576700 M,M,0,0
KPOB,RWY23,575900,8501,218,23,off,29.92,-4,575900 M,M,0,0
KPOB,RWY23,574800,8501,218,23,off,29.92,-1,574800 M,M,0,0
KPOB,RWY23,574000,8501,218,23,off,29.92,1,574000 M,M,0,0
KPOB,RWY23,573000,8501,218,23,off,29.92,4,573000 M,M,0,0
KPOB,RWY23,572200,8501,218,23,off,29.92,6,572200 M,M,0,0
KPOB,RWY23,571200,8501,218,23,off,29.92,9,571200 M,M,0,0
KPOB,RWY23,570500,8501,218,23,off,29.92,11,570500 M,M,0,0
KPOB,RWY23,569700,8501,218,23,off,29.92,13,569700 M,M,0,0
KPOB,RWY23,568300,8501,218,23,off,29.92,16,568300 M,M,0,0
KPOB,RWY23,566800,8501,218,23,off,29.92,18,566800 M,M,0,0
KPOB,RWY23,564500,8501,218,23,off,29.92,21,564500 M,M,0,0
KPOB,RWY23,562900,8501,218,23,off,29.92,23,562900 M,M,0,0
KPOB,RWY23,560700,8501,218,23,off,29.92,26,560700 M,M,0,0
KPOB,RWY23,558200,8501,218,23,off,29.92,28,558200 M,M,0,0
KPOB,RWY23,553400,8501,218,23,off,29.92,31,553400 M,M,0,0
KPOB,RWY23,542600,8501,218,23,off,29.92,33,542600 M,M,0,0
KPOB,RWY23,526600,8501,218,23,off,29.92,36,526600 M,M,0,0
KPOB,RWY23,516000,8501,218,23,off,29.92,38,516000 M,M,0,0
KPOB,RWY23,500200,8501,218,23,off,29.92,41,500200 M,M,0,0
KPOB,RWY23,584500,8501,218,23,off,30.22,-18,584500 M,M,0,0
KPOB,RWY23,583600,8501,218,23,off,30.22,-16,583600 M,M,0,0
KPOB,RWY23,582800,8501,218,23,off,30.22,-14,582800 M,M,0,0
KPOB,RWY23,581500,8501,218,23,off,30.22,-11,581500 M,M,0,0
KPOB,RWY23,580700,8501,218,23,off,30.22,-9,580700 M,M,0,0
KPOB,RWY23,579500,8501,218,23,off,30.22,-6,579500 M,M,0,0
KPOB,RWY23,578700,8501,218,23,off,30.22,-4,578700 M,M,0,0
KPOB,RWY23,577600,8501,218,23,off,30.22,-1,577600 M,M,0,0
KPOB,RWY23,576800,8501,218,23,off,30.22,1,576800 M,M,0,0
KPOB,RWY23,575800,8501,218,23,off,30.22,4,575800 M,M,0,0
KPOB,RWY23,575000,8501,218,23,off,30.22,6,575000 M,M,0,0
KPOB,RWY23,574000,8501,218,23,off,30.22,9,574000 M,M,0,0
KPOB,RWY23,573300,8501,218,23,off,30.22,11,573300 M,M,0,0
KPOB,RWY23,572600,8501,218,23,off,30.22,13,572600 M,M,0,0
KPOB,RWY23,571200,8501,218,23,off,30.22,16,571200 M,M,0,0
KPOB,RWY23,569800,8501,218,23,off,30.22,18,569800 M,M,0,0
KPOB,RWY23,567700,8501,218,23,off,30.22,21,567700 M,M,0,0
KPOB,RWY23,566000,8501,218,23,off,30.22,23,566000 M,M,0,0
KPOB,RWY23,563700,8501,218,23,off,30.22,26,563700 M,M,0,0
KPOB,RWY23,562200,8501,218,23,off,30.22,28,562200 M,M,0,0
KPOB,RWY23,557900,8501,218,23,off,30.22,31,557900 M,M,0,0
KPOB,RWY23,547500,8501,218,23,off,30.22,33,547500 M,M,0,0
KPOB,RWY23,531700,8501,218,23,off,30.22,36,531700 M,M,0,0
KPOB,RWY23,521100,8501,218,23,off,30.22,38,521100 M,M,0,0
KPOB,RWY23,505500,8501,218,23,off,30.22,41,505500 M,M,0,0
KPOB,RWY23,585000,8501,218,23,off,30.52,-18,585000 F,F,0,0
KPOB,RWY23,584300,8501,218,23,off,30.52,-16,584300 M,M,0,0
KPOB,RWY23,583400,8501,218,23,off,30.52,-14,583400 M,M,0,0
KPOB,RWY23,582100,8501,218,23,off,30.52,-11,582100 M,M,0,0
KPOB,RWY23,581300,8501,218,23,off,30.52,-9,581300 M,M,0,0
KPOB,RWY23,580000,8501,218,23,off,30.52,-6,580000 M,M,0,0
KPOB,RWY23,579200,8501,218,23,off,30.52,-4,579200 M,M,0,0
KPOB,RWY23,578100,8501,218,23,off,30.52,-1,578100 M,M,0,0
KPOB,RWY23,577400,8501,218,23,off,30.52,1,577400 M,M,0,0
KPOB,RWY23,576300,8501,218,23,off,30.52,4,576300 M,M,0,0
KPOB,RWY23,575600,8501,218,23,off,30.52,6,575600 M,M,0,0
KPOB,RWY23,574500,8501,218,23,off,30.52,9,574500 M,M,0,0
KPOB,RWY23,573800,8501,218,23,off,30.52,11,573800 M,M,0,0
KPOB,RWY23,573100,8501,218,23,off,30.52,13,573100 M,M,0,0
KPOB,RWY23,571800,8501,218,23,off,30.52,16,571800 M,M,0,0
KPOB,RWY23,570500,8501,218,23,off,30.52,18,570500 M,M,0,0
KPOB,RWY23,568400,8501,218,23,off,30.52,21,568400 M,M,0,0
KPOB,RWY23,566800,8501,218,23,off,30.52,23,566800 M,M,0,0
KPOB,RWY23,564500,8501,218,23,off,30.52,26,564500 M,M,0,0
KPOB,RWY23,563000,8501,218,23,off,30.52,28,563000 M,M,0,0
KPOB,RWY23,558400,8501,218,23,off,30.52,31,558400 M,M,0,0
KPOB,RWY23,549300,8501,218,23,off,30.52,33,549300 M,M,0,0
KPOB,RWY23,534800,8501,218,23,off,30.52,36,534800 M,M,0,0
KPOB,RWY23,524500,8501,218,23,off,30.52,38,524500 M,M,0,0
KPOB,RWY23,509700,8501,218,23,off,30.52,41,509700 M,M,0,0
KPOB,RWY23,564600,8501,218,12,off,29.61,-18,564600 M,M,0,0
KPOB,RWY23,563700,8501,218,12,off,29.61,-16,563700 M,M,0,0
KPOB,RWY23,562900,8501,218,12,off,29.61,-14,562900 M,M,0,0
KPOB,RWY23,561500,8501,218,12,off,29.61,-11,561500 M,M,0,0
KPOB,RWY23,560700,8501,218,12,off,29.61,-9,560700 M,M,0,0
KPOB,RWY23,559400,8501,218,12,off,29.61,-6,559400 M,M,0,0
KPOB,RWY23,558700,8501,218,12,off,29.61,-4,558700 M,M,0,0
KPOB,RWY23,557500,8501,218,12,off,29.61,-1,557500 M,M,0,0
KPOB,RWY23,556700,8501,218,12,off,29.61,1,556700 M,M,0,0
KPOB,RWY23,555600,8501,218,12,off,29.61,4,555600 M,M,0,0
KPOB,RWY23,554900,8501,218,12,off,29.61,6,554900 M,M,0,0
KPOB,RWY23,553800,8501,218,12,off,29.61,9,553800 M,M,0,0
KPOB,RWY23,553000,8501,218,12,off,29.61,11,553000 M,M,0,0
KPOB,RWY23,552100,8501,218,12,off,29.61,13,552100 M,M,0,0
KPOB,RWY23,550400,8501,218,12,off,29.61,16,550400 M,M,0,0
KPOB,RWY23,549000,8501,218,12,off,29.61,18,549000 M,M,0,0
KPOB,RWY23,546800,8501,218,12,off,29.61,21,546800 M,M,0,0
KPOB,RWY23,545400,8501,218,12,off,29.61,23,545400 M,M,0,0
KPOB,RWY23,543200,8501,218,12,off,29.61,26,543200 M,M,0,0
KPOB,RWY23,540000,8501,218,12,off,29.61,28,540000 M,M,0,0
KPOB,RWY23,533700,8501,218,12,off,29.61,31,533700 M,M,0,0
KPOB,RWY23,523000,8501,218,12,off,29.61,33,523000 M,M,0,0
KPOB,RWY23,507900,8501,218,12,off,29.61,36,507900 M,M,0,0
KPOB,RWY23,497600,8501,218,12,off,29.61,38,497600 M,M,0,0
KPOB,RWY23,482200,8501,218,12,off,29.61,41,482200 M,M,0,0
KPOB,RWY23,568100,8501,218,12,off,29.92,-18,568100 M,M,0,0
KPOB,RWY23,567300,8501,218,12,off,29.92,-16,567300 M,M,0,0
KPOB,RWY23,566500,8501,218,12,off,29.92,-14,566500 M,M,0,0
KPOB,RWY23,565200,8501,218,12,off,29.92,-11,565200 M,M,0,0
KPOB,RWY23,564300,8501,218,12,off,29.92,-9,564300 M,M,0,0
KPOB,RWY23,563000,8501,218,12,off,29.92,-6,563000 M,M,0,0
KPOB,RWY23,562200,8501,218,12,off,29.92,-4,562200 M,M,0,0
KPOB,RWY23,560900,8501,218,12,off,29.92,-1,560900 M,M,0,0
KPOB,RWY23,560200,8501,218,12,off,29.92,1,560200 M,M,0,0
KPOB,RWY23,559000,8501,218,12,off,29.92,4,559000 M,M,0,0
KPOB,RWY23,558200,8501,218,12,off,29.92,6,558200 M,M,0,0
KPOB,RWY23,557200,8501,218,12,off,29.92,9,557200 M,M,0,0
KPOB,RWY23,556500,8501,218,12,off,29.92,11,556500 M,M,0,0
KPOB,RWY23,555600,8501,218,12,off,29.92,13,555600 M,M,0,0
KPOB,RWY23,554100,8501,218,12,off,29.92,16,554100 M,M,0,0
KPOB,RWY23,552600,8501,218,12,off,29.92,18,552600 M,M,0,0
KPOB,RWY23,550400,8501,218,12,off,29.92,21,550400 M,M,0,0
KPOB,RWY23,549000,8501,218,12,off,29.92,23,549000 M,M,0,0
KPOB,RWY23,546800,8501,218,12,off,29.92,26,546800 M,M,0,0
KPOB,RWY23,544500,8501,218,12,off,29.92,28,544500 M,M,0,0
KPOB,RWY23,539700,8501,218,12,off,29.92,31,539700 M,M,0,0
KPOB,RWY23,528900,8501,218,12,off,29.92,33,528900 M,M,0,0
KPOB,RWY23,513400,8501,218,12,off,29.92,36,513400 M,M,0,0
KPOB,RWY23,503200,8501,218,12,off,29.92,38,503200 M,M,0,0
KPOB,RWY23,487700,8501,218,12,off,29.92,41,487700 M,M,0,0
KPOB,RWY23,571000,8501,218,12,off,30.22,-18,571000 M,M,0,0
KPOB,RWY23,570200,8501,218,12,off,30.22,-16,570200 M,M,0,0
KPOB,RWY23,569300,8501,218,12,off,30.22,-14,569300 M,M,0,0
KPOB,RWY23,568100,8501,218,12,off,30.22,-11,568100 M,M,0,0
KPOB,RWY23,567200,8501,218,12,off,30.22,-9,567200 M,M,0,0
KPOB,RWY23,565900,8501,218,12,off,30.22,-6,565900 M,M,0,0
KPOB,RWY23,565100,8501,218,12,off,30.22,-4,565100 M,M,0,0
KPOB,RWY23,563800,8501,218,12,off,30.22,-1,563800 M,M,0,0
KPOB,RWY23,563000,8501,218,12,off,30.22,1,563000 M,M,0,0
KPOB,RWY23,561800,8501,218,12,off,30.22,4,561800 M,M,0,0
KPOB,RWY23,561000,8501,218,12,off,30.22,6,561000 M,M,0,0
KPOB,RWY23,559900,8501,218,12,off,30.22,9,559900 M,M,0,0
KPOB,RWY23,559200,8501,218,12,off,30.22,11,559200 M,M,0,0
KPOB,RWY23,558400,8501,218,12,off,30.22,13,558400 M,M,0,0
KPOB,RWY23,557000,8501,218,12,off,30.22,16,557000 M,M,0,0
KPOB,RWY23,555500,8501,218,12,off,30.22,18,555500 M,M,0,0
KPOB,RWY23,553300,8501,218,12,off,30.22,21,553300 M,M,0,0
KPOB,RWY23,551900,8501,218,12,off,30.22,23,551900 M,M,0,0
KPOB,RWY23,549800,8501,218,12,off,30.22,26,549800 M,M,0,0
KPOB,RWY23,548300,8501,218,12,off,30.22,28,548300 M,M,0,0
KPOB,RWY23,544300,8501,218,12,off,30.22,31,544300 M,M,0,0
KPOB,RWY23,533800,8501,218,12,off,30.22,33,533800 M,M,0,0
KPOB,RWY23,518200,8501,218,12,off,30.22,36,518200 M,M,0,0
KPOB,RWY23,508100,8501,218,12,off,30.22,38,508100 M,M,0,0
KPOB,RWY23,492800,8501,218,12,off,30.22,41,492800 M,M,0,0
KPOB,RWY23,571500,8501,218,12,off,30.52,-18,571500 M,M,0,0
KPOB,RWY23,570700,8501,218,12,off,30.52,-16,570700 M,M,0,0
KPOB,RWY23,569900,8501,218,12,off,30.52,-14,569900 M,M,0,0
KPOB,RWY23,568600,8501,218,12,off,30.52,-11,568600 M,M,0,0
KPOB,RWY23,567900,8501,218,12,off,30.52,-9,567900 M,M,0,0
KPOB,RWY23,566500,8501,218,12,off,30.52,-6,566500 M,M,0,0
KPOB,RWY23,565600,8501,218,12,off,30.52,-4,565600 M,M,0,0
KPOB,RWY23,564400,8501,218,12,off,30.52,-1,564400 M,M,0,0
KPOB,RWY23,563600,8501,218,12,off,30.52,1,563600 M,M,0,0
KPOB,RWY23,562400,8501,218,12,off,30.52,4,562400 M,M,0,0
KPOB,RWY23,561600,8501,218,12,off,30.52,6,561600 M,M,0,0
KPOB,RWY23,560400,8501,218,12,off,30.52,9,560400 M,M,0,0
KPOB,RWY23,559700,8501,218,12,off,30.52,11,559700 M,M,0,0
KPOB,RWY23,559000,8501,218,12,off,30.52,13,559000 M,M,0,0
KPOB,RWY23,557600,8501,218,12,off,30.52,16,557600 M,M,0,0
KPOB,RWY23,556200,8501,218,12,off,30.52,18,556200 M,M,0,0
KPOB,RWY23,554100,8501,218,12,off,30.52,21,554100 M,M,0,0
KPOB,RWY23,552700,8501,218,12,off,30.52,23,552700 M,M,0,0
KPOB,RWY23,550500,8501,218,12,off,30.52,26,550500 M,M,0,0
KPOB,RWY23,549100,8501,218,12,off,30.52,28,549100 M,M,0,0
KPOB,RWY23,545100,8501,218,12,off,30.52,31,545100 M,M,0,0
KPOB,RWY23,535800,8501,218,12,off,30.52,33,535800 M,M,0,0
KPOB,RWY23,521300,8501,218,12,off,30.52,36,521300 M,M,0,0
KPOB,RWY23,511500,8501,218,12,off,30.52,38,511500 M,M,0,0
KPOB,RWY23,496900,8501,218,12,off,30.52,41,496900 M,M,0,0
KPOB,RWY23,552900,8501,218,12,on,29.92,-18,552900 M,M,0,1
KPOB,RWY23,552000,8501,218,12,on,29.92,-16,552000 M,M,0,1
KPOB,RWY23,551100,8501,218,12,on,29.92,-14,551100 M,M,0,1
KPOB,RWY23,549800,8501,218,12,on,29.92,-11,549800 M,M,0,1
KPOB,RWY23,549000,8501,218,12,on,29.92,-9,549000 M,M,0,1
KPOB,RWY23,547800,8501,218,12,on,29.92,-6,547800 M,M,0,1
KPOB,RWY23,547000,8501,218,12,on,29.92,-4,547000 M,M,0,1
KPOB,RWY23,545800,8501,218,12,on,29.92,-1,545800 M,M,0,1
KPOB,RWY23,545000,8501,218,12,on,29.92,1,545000 M,M,0,1
KPOB,RWY23,543900,8501,218,12,on,29.92,4,543900 M,M,0,1
KPOB,RWY23,543300,8501,218,12,on,29.92,6,543300 M,M,0,1
KPOB,RWY23,542300,8501,218,12,on,29.92,9,542300 M,M,0,1
KPOB,RWY23,541700,8501,218,12,on,29.92,11,541700 M,M,0,1
KPOB,RWY23,555600,8501,218,12,on,30.22,-18,555600 M,M,0,1
KPOB,RWY23,554700,8501,218,12,on,30.22,-16,554700 M,M,0,1
KPOB,RWY23,553900,8501,218,12,on,30.22,-14,553900 M,M,0,1
KPOB,RWY23,552600,8501,218,12,on,30.22,-11,552600 M,M,0,1
KPOB,RWY23,551700,8501,218,12,on,30.22,-9,551700 M,M,0,1
KPOB,RWY23,550500,8501,218,12,on,30.22,-6,550500 M,M,0,1
KPOB,RWY23,549700,8501,218,12,on,30.22,-4,549700 M,M,0,1
KPOB,RWY23,548500,8501,218,12,on,30.22,-1,548500 M,M,0,1
KPOB,RWY23,547700,8501,218,12,on,30.22,1,547700 M,M,0,1
KPOB,RWY23,546500,8501,218,12,on,30.22,4,546500 M,M,0,1
KPOB,RWY23,545900,8501,218,12,on,30.22,6,545900 M,M,0,1
KPOB,RWY23,544900,8501,218,12,on,30.22,9,544900 M,M,0,1
KPOB,RWY23,555900,8501,218,12,on,30.52,-18,555900 M,M,0,1
KPOB,RWY23,555000,8501,218,12,on,30.52,-16,555000 M,M,0,1
KPOB,RWY23,554200,8501,218,12,on,30.52,-14,554200 M,M,0,1
KPOB,RWY23,552800,8501,218,12,on,30.52,-11,552800 M,M,0,1
KPOB,RWY23,552000,8501,218,12,on,30.52,-9,552000 M,M,0,1
KPOB,RWY23,550700,8501,218,12,on,30.52,-6,550700 M,M,0,1
KPOB,RWY23,549900,8501,218,12,on,30.52,-4,549900 M,M,0,1
KPOB,RWY23,548700,8501,218,12,on,30.52,-1,548700 M,M,0,1
KPOB,RWY23,547900,8501,218,12,on,30.52,1,547900 M,M,0,1
KPOB,RWY23,546800,8501,218,12,on,30.52,4,546800 M,M,0,1
KPOB,RWY23,546100,8501,218,12,on,30.52,6,546100 M,M,0,1
KPOB,RWY23,545100,8501,218,12,on,30.52,9,545100 M,M,0,1
KPOB,RWY23,549400,8501,218,12,on,29.61,-18,549400 M,M,0,1
KPOB,RWY23,548600,8501,218,12,on,29.61,-16,548600 M,M,0,1
KPOB,RWY23,547700,8501,218,12,on,29.61,-14,547700 M,M,0,1
KPOB,RWY23,546400,8501,218,12,on,29.61,-11,546400 M,M,0,1
KPOB,RWY23,545600,8501,218,12,on,29.61,-9,545600 M,M,0,1
KPOB,RWY23,544400,8501,218,12,on,29.61,-6,544400 M,M,0,1
KPOB,RWY23,543600,8501,218,12,on,29.61,-4,543600 M,M,0,1
KPOB,RWY23,542400,8501,218,12,on,29.61,-1,542400 M,M,0,1
KPOB,RWY23,541700,8501,218,12,on,29.61,1,541700 M,M,0,1
KPOB,RWY23,540700,8501,218,12,on,29.61,4,540700 M,M,0,1
KPOB,RWY23,540000,8501,218,12,on,29.61,6,540000 M,M,0,1
KPOB,RWY23,539100,8501,218,12,on,29.61,9,539100 M,M,0,1
KPOB,RWY23,533500,8501,218,5,on,29.61,-18,533500 M,M,0,1
KPOB,RWY23,532800,8501,218,5,on,29.61,-16,532800 M,M,0,1
KPOB,RWY23,532100,8501,218,5,on,29.61,-14,532100 M,M,0,1
KPOB,RWY23,531100,8501,218,5,on,29.61,-11,531100 M,M,0,1
KPOB,RWY23,530400,8501,218,5,on,29.61,-9,530400 M,M,0,1
KPOB,RWY23,529400,8501,218,5,on,29.61,-6,529400 M,M,0,1
KPOB,RWY23,528700,8501,218,5,on,29.61,-4,528700 M,M,0,1
KPOB,RWY23,527800,8501,218,5,on,29.61,-1,527800 M,M,0,1
KPOB,RWY23,527200,8501,218,5,on,29.61,1,527200 M,M,0,1
KPOB,RWY23,526300,8501,218,5,on,29.61,4,526300 M,M,0,1
KPOB,RWY23,525700,8501,218,5,on,29.61,6,525700 M,M,0,1
KPOB,RWY23,524900,8501,218,5,on,29.61,9,524900 M,M,0,1
KPOB,RWY23,536700,8501,218,5,on,29.92,-18,536700 M,M,0,1
KPOB,RWY23,536000,8501,218,5,on,29.92,-16,536000 M,M,0,1
KPOB,RWY23,535300,8501,218,5,on,29.92,-14,535300 M,M,0,1
KPOB,RWY23,534300,8501,218,5,on,29.92,-11,534300 M,M,0,1
KPOB,RWY23,533600,8501,218,5,on,29.92,-9,533600 M,M,0,1
KPOB,RWY23,532600,8501,218,5,on,29.92,-6,532600 M,M,0,1
KPOB,RWY23,531900,8501,218,5,on,29.92,-4,531900 M,M,0,1
KPOB,RWY23,531000,8501,218,5,on,29.92,-1,531000 M,M,0,1
KPOB,RWY23,530400,8501,218,5,on,29.92,1,530400 M,M,0,1
KPOB,RWY23,529400,8501,218,5,on,29.92,4,529400 M,M,0,1
KPOB,RWY23,528800,8501,218,5,on,29.92,6,528800 M,M,0,1
KPOB,RWY23,528000,8501,218,5,on,29.92,9,528000 M,M,0,1
KPOB,RWY23,539300,8501,218,5,on,30.22,-18,539300 M,M,0,1
KPOB,RWY23,538500,8501,218,5,on,30.22,-16,538500 M,M,0,1
KPOB,RWY23,537900,8501,218,5,on,30.22,-14,537900 M,M,0,1
KPOB,RWY23,536800,8501,218,5,on,30.22,-11,536800 M,M,0,1
KPOB,RWY23,536100,8501,218,5,on,30.22,-9,536100 M,M,0,1
KPOB,RWY23,535100,8501,218,5,on,30.22,-6,535100 M,M,0,1
KPOB,RWY23,534500,8501,218,5,on,30.22,-4,534500 M,M,0,1
KPOB,RWY23,533400,8501,218,5,on,30.22,-1,533400 M,M,0,1
KPOB,RWY23,532900,8501,218,5,on,30.22,1,532900 M,M,0,1
KPOB,RWY23,531900,8501,218,5,on,30.22,4,531900 M,M,0,1
KPOB,RWY23,531300,8501,218,5,on,30.22,6,531300 M,M,0,1
KPOB,RWY23,530400,8501,218,5,on,30.22,9,530400 M,M,0,1
KPOB,RWY23,539500,8501,218,5,on,30.52,-18,539500 M,M,0,1
KPOB,RWY23,538800,8501,218,5,on,30.52,-16,538800 M,M,0,1
KPOB,RWY23,538000,8501,218,5,on,30.52,-14,538000 M,M,0,1
KPOB,RWY23,537000,8501,218,5,on,30.52,-11,537000 M,M,0,1
KPOB,RWY23,536300,8501,218,5,on,30.52,-9,536300 M,M,0,1
KPOB,RWY23,535300,8501,218,5,on,30.52,-6,535300 M,M,0,1
KPOB,RWY23,534600,8501,218,5,on,30.52,-4,534600 M,M,0,1
KPOB,RWY23,533700,8501,218,5,on,30.52,-1,533700 M,M,0,1
KPOB,RWY23,533000,8501,218,5,on,30.52,1,533000 M,M,0,1
KPOB,RWY23,532100,8501,218,5,on,30.52,4,532100 M,M,0,1
KPOB,RWY23,531500,8501,218,5,on,30.52,6,531500 M,M,0,1
KPOB,RWY23,530600,8501,218,5,on,30.52,9,530600 M,M,0,1
KPOB,RWY23,517700,7501,218,5,on,29.92,-18,517700 M,M,0,1
KPOB,RWY23,517000,7501,218,5,on,29.92,-16,517000 M,M,0,1
KPOB,RWY23,516400,7501,218,5,on,29.92,-14,516400 M,M,0,1
KPOB,RWY23,515600,7501,218,5,on,29.92,-11,515600 M,M,0,1
KPOB,RWY23,514700,7501,218,5,on,29.92,-9,514700 M,M,0,1
KPOB,RWY23,513900,7501,218,5,on,29.92,-6,513900 M,M,0,1
KPOB,RWY23,513100,7501,218,5,on,29.92,-4,513100 M,M,0,1
KPOB,RWY23,512200,7501,218,5,on,29.92,-1,512200 M,M,0,1
KPOB,RWY23,511600,7501,218,5,on,29.92,1,511600 M,M,0,1
KPOB,RWY23,NA,7501,218,5,on,29.92,4,NA,NA,0,1
KPOB,RWY23,NA,7501,218,5,on,29.92,6,NA,NA,0,1
KPOB,RWY23,NA,7501,218,5,on,29.92,9,NA,NA,0,1
KPOB,RWY23,532400,7501,218,12,on,29.92,-18,532400 M,M,0,1
KPOB,RWY23,531700,7501,218,12,on,29.92,-16,531700 M,M,0,1
KPOB,RWY23,531000,7501,218,12,on,29.92,-14,531000 M,M,0,1
KPOB,RWY23,529900,7501,218,12,on,29.92,-11,529900 M,M,0,1
KPOB,RWY23,529200,7501,218,12,on,29.92,-9,529200 M,M,0,1
KPOB,RWY23,528200,7501,218,12,on,29.92,-6,528200 M,M,0,1
KPOB,RWY23,527600,7501,218,12,on,29.92,-4,527600 M,M,0,1
KPOB,RWY23,526600,7501,218,12,on,29.92,-1,526600 M,M,0,1
KPOB,RWY23,526000,7501,218,12,on,29.92,1,526000 M,M,0,1
KPOB,RWY23,525100,7501,218,12,on,29.92,4,525100 M,M,0,1
KPOB,RWY23,524500,7501,218,12,on,29.92,6,524500 M,M,0,1
KPOB,RWY23,523600,7501,218,12,on,29.92,9,523600 M,M,0,1
KPOB,RWY23,543300,7501,218,23,on,29.92,-18,543300 M,M,0,1
KPOB,RWY23,542600,7501,218,23,on,29.92,-16,542600 M,M,0,1
KPOB,RWY23,541800,7501,218,23,on,29.92,-14,541800 M,M,0,1
KPOB,RWY23,540700,7501,218,23,on,29.92,-11,540700 M,M,0,1
KPOB,RWY23,540000,7501,218,23,on,29.92,-9,540000 M,M,0,1
KPOB,RWY23,539000,7501,218,23,on,29.92,-6,539000 M,M,0,1
KPOB,RWY23,538300,7501,218,23,on,29.92,-4,538300 M,M,0,1
KPOB,RWY23,537300,7501,218,23,on,29.92,-1,537300 M,M,0,1
KPOB,RWY23,536600,7501,218,23,on,29.92,1,536600 M,M,0,1
KPOB,RWY23,535600,7501,218,23,on,29.92,4,535600 M,M,0,1
KPOB,RWY23,535000,7501,218,23,on,29.92,6,535000 M,M,0,1
KPOB,RWY23,534000,7501,218,23,on,29.92,9,534000 M,M,0,1
KPOB,RWY23,544700,7501,218,12,off,29.92,-18,544700 M,M,0,0
KPOB,RWY23,544000,7501,218,12,off,29.92,-16,544000 M,M,0,0
KPOB,RWY23,543300,7501,218,12,off,29.92,-14,543300 M,M,0,0
KPOB,RWY23,542200,7501,218,12,off,29.92,-11,542200 M,M,0,0
KPOB,RWY23,541500,7501,218,12,off,29.92,-9,541500 M,M,0,0
KPOB,RWY23,540500,7501,218,12,off,29.92,-6,540500 M,M,0,0
KPOB,RWY23,539900,7501,218,12,off,29.92,-4,539900 M,M,0,0
KPOB,RWY23,538900,7501,218,12,off,29.92,-1,538900 M,M,0,0
KPOB,RWY23,538200,7501,218,12,off,29.92,1,538200 M,M,0,0
KPOB,RWY23,537100,7501,218,12,off,29.92,4,537100 M,M,0,0
KPOB,RWY23,536300,7501,218,12,off,29.92,6,536300 M,M,0,0
KPOB,RWY23,535400,7501,218,12,off,29.92,9,535400 M,M,0,0
KPOB,RWY23,534500,7501,218,12,off,29.92,11,534500 M,M,0,0
KPOB,RWY23,533500,7501,218,12,off,29.92,13,533500 M,M,0,0
KPOB,RWY23,531800,7501,218,12,off,29.92,16,531800 M,M,0,0
KPOB,RWY23,530500,7501,218,12,off,29.92,18,530500 M,M,0,0
KPOB,RWY23,528400,7501,218,12,off,29.92,21,528400 M,M,0,0
KPOB,RWY23,527100,7501,218,12,off,29.92,23,527100 M,M,0,0
KPOB,RWY23,525200,7501,218,12,off,29.92,26,525200 M,M,0,0
KPOB,RWY23,523400,7501,218,12,off,29.92,28,523400 M,M,0,0
KPOB,RWY23,519300,7501,218,12,off,29.92,31,519300 M,M,0,0
KPOB,RWY23,509500,7501,218,12,off,29.92,33,509500 M,M,0,0
KPOB,RWY23,494600,7501,218,12,off,29.92,36,494600 M,M,0,0
KPOB,RWY23,484600,7501,218,12,off,29.92,38,484600 M,M,0,0
KPOB,RWY23,469600,7501,218,12,off,29.92,41,469600 M,M,0,0
KPOB,RWY23,557700,7501,218,23,off,29.92,-18,557700 M,M,0,0
KPOB,RWY23,556800,7501,218,23,off,29.92,-16,556800 M,M,0,0
KPOB,RWY23,555900,7501,218,23,off,29.92,-14,555900 M,M,0,0
KPOB,RWY23,554700,7501,218,23,off,29.92,-11,554700 M,M,0,0
KPOB,RWY23,553900,7501,218,23,off,29.92,-9,553900 M,M,0,0
KPOB,RWY23,552700,7501,218,23,off,29.92,-6,552700 M,M,0,0
KPOB,RWY23,551900,7501,218,23,off,29.92,-4,551900 M,M,0,0
KPOB,RWY23,550700,7501,218,23,off,29.92,-1,550700 M,M,0,0
KPOB,RWY23,550000,7501,218,23,off,29.92,1,550000 M,M,0,0
KPOB,RWY23,548800,7501,218,23,off,29.92,4,548800 M,M,0,0
KPOB,RWY23,548100,7501,218,23,off,29.92,6,548100 M,M,0,0
KPOB,RWY23,547000,7501,218,23,off,29.92,9,547000 M,M,0,0
KPOB,RWY23,546300,7501,218,23,off,29.92,11,546300 M,M,0,0
KPOB,RWY23,545500,7501,218,23,off,29.92,13,545500 M,M,0,0
KPOB,RWY23,544100,7501,218,23,off,29.92,16,544100 M,M,0,0
KPOB,RWY23,542900,7501,218,23,off,29.92,18,542900 M,M,0,0
KPOB,RWY23,541100,7501,218,23,off,29.92,21,541100 M,M,0,0
KPOB,RWY23,540000,7501,218,23,off,29.92,23,540000 M,M,0,0
KPOB,RWY23,538200,7501,218,23,off,29.92,26,538200 M,M,0,0
KPOB,RWY23,536300,7501,218,23,off,29.92,28,536300 M,M,0,0
KPOB,RWY23,531500,7501,218,23,off,29.92,31,531500 M,M,0,0
KPOB,RWY23,520700,7501,218,23,off,29.92,33,520700 M,M,0,0
KPOB,RWY23,505300,7501,218,23,off,29.92,36,505300 M,M,0,0
KPOB,RWY23,495000,7501,218,23,off,29.92,38,495000 M,M,0,0
KPOB,RWY23,479200,7501,218,23,off,29.92,41,479200 M,M,0,0